id;first_name;last_name;document_number;birth_date;email;gender;address
1;Malcolm;Ostler;384618791-7;1973-01-20;mostler0@g.co;M;17509 Spenser Way
2;Gage;Shiels;406880342-0;1953-05-14;gshiels1@dyndns.org;M;6 Blackbird Park
3;Sharleen;Shires;235074329-2;1975-03-05;sshires2@auda.org.au;F;8399 Thackeray Center
4;Darcee;Appleyard;793849384-8;1995-01-08;dappleyard3@un.org;F;570 Kipling Junction
5;Nikola;Briereton;790121818-5;1972-03-27;nbriereton4@amazon.de;M;77539 Ohio Circle
6;Garwin;Isakowicz;344815064-9;1960-10-13;gisakowicz5@google.it;M;898 Sachs Center
7;Ahmad;Maywood;549966648-2;1989-01-29;amaywood6@wisc.edu;M;00 Kingsford Alley
8;Lucienne;Learie;316875353-X;1961-04-15;llearie7@hao123.com;F;273 Sommers Street
9;Hallsy;Suller;130438901-4;1975-12-07;hsuller8@bloglines.com;M;83 Grover Trail
10;Booth;Lemanu;974110279-8;1978-03-30;blemanu9@mapquest.com;M;83098 Dayton Junction
11;Frank;Ratt;225340902-2;2002-03-31;fratta@economist.com;M;510 Sauthoff Center
12;Celesta;Probets;869360870-3;1984-06-15;cprobetsb@biglobe.ne.jp;F;166 Jackson Pass
13;Gladi;Ilbert;776606566-5;2002-08-23;gilbertc@over-blog.com;F;79572 Nova Avenue
14;Melba;Hurburt;009395332-1;1997-06-20;mhurburtd@si.edu;F;6852 Westport Pass
15;Talyah;Boyfield;756902167-3;1981-05-04;tboyfielde@about.com;F;100 Farragut Alley
16;Ancell;Lissimore;875942766-3;1995-01-01;alissimoref@unicef.org;M;4 Reinke Parkway
17;Rickert;Gifford;843847805-0;1965-03-14;rgiffordg@mashable.com;M;5 Sutherland Junction
18;Miltie;Giannazzo;673236415-4;2000-10-08;mgiannazzoh@redcross.org;M;2 Toban Center
19;Gwenny;Khristoforov;816821999-6;2000-01-20;gkhristoforovi@google.es;F;9 Russell Parkway
20;Dalis;Bleier;262139499-X;1955-09-15;dbleierj@netlog.com;M;4678 Prentice Court
21;Hali;Baxster;254999328-4;1990-04-21;hbaxsterk@mashable.com;F;5 Annamark Street
22;Christie;Taffrey;349539212-2;1969-08-16;ctaffreyl@domainmarket.com;M;539 Goodland Court
23;Edithe;Gaggen;355930869-0;1996-01-26;egaggenm@angelfire.com;F;39506 Raven Trail
24;Matilde;Alwin;779585395-1;1994-12-21;malwinn@wordpress.com;F;37525 Stuart Center
25;Donall;Moens;930945671-X;1957-09-20;dmoenso@nyu.edu;M;4927 Farragut Center
26;Baldwin;Boatright;166043922-1;1975-12-13;bboatrightp@amazon.co.uk;M;18 Dakota Junction
27;Creigh;Denington;873226274-4;1982-12-07;cdeningtonq@fc2.com;M;7974 Pennsylvania Plaza
28;Gunter;Livzey;225627296-6;1977-06-13;glivzeyr@sbwire.com;M;14 Manley Court
29;Thacher;Huxter;095763808-6;1977-04-27;thuxters@ftc.gov;M;2978 Northland Parkway
30;Loise;Singers;167659773-5;1970-11-21;lsingerst@hc360.com;F;0237 Mcguire Lane
31;Erastus;MacAne;338466069-2;1953-02-10;emacaneu@fema.gov;M;2181 Bunting Avenue
32;Anabel;Chstney;744503860-4;1980-04-30;achstneyv@time.com;F;4052 Heath Terrace
33;Curtis;MacSween;843592956-6;1954-07-16;cmacsweenw@ihg.com;M;0 Hermina Trail
34;Hirsch;Illidge;083391456-1;1979-07-20;hillidgex@google.com.hk;M;9661 Laurel Pass
35;Genna;Stranaghan;429818478-1;1971-12-20;gstranaghany@opensource.org;F;544 Mitchell Crossing
36;Ellene;Nares;827814477-X;1980-09-18;enaresz@timesonline.co.uk;F;7 Messerschmidt Road
37;Leda;Mathonnet;530660945-7;1969-04-13;lmathonnet10@adobe.com;F;17105 Waywood Center
38;Danita;De Ruggiero;418185525-2;1969-12-11;dderuggiero11@addthis.com;F;178 Annamark Pass
39;Cull;Lakin;761621336-7;1991-04-04;clakin12@opera.com;M;98 Reindahl Hill
40;Romain;Slatten;985790051-8;2002-03-13;rslatten13@disqus.com;M;3 Pleasure Point
41;Netta;Solman;144605715-1;1962-10-09;nsolman14@com.com;F;2 Farmco Street
42;Zebedee;Marriott;166305271-9;2005-06-12;zmarriott15@eventbrite.com;M;1120 Russell Road
43;Adaline;Leuty;336775033-6;1999-05-29;aleuty16@pagesperso-orange.fr;F;89 Prairie Rose Hill
44;Linnea;Lawty;493022676-7;2001-02-06;llawty17@dot.gov;F;1 Duke Pass
45;Letta;Ivanenkov;823914159-5;1989-03-28;livanenkov18@wix.com;F;63 Center Way
46;Biddy;Axelbey;267445614-0;1976-08-12;baxelbey19@mac.com;F;7 School Park
47;Gottfried;Strachan;996630480-0;1974-09-05;gstrachan1a@wikispaces.com;M;4 Cordelia Alley
48;Fernando;Stebles;467597169-5;1984-07-13;fstebles1b@gnu.org;M;1 Farmco Circle
49;Pansy;Mortel;512418536-8;1966-08-26;pmortel1c@naver.com;F;530 Ohio Parkway
50;Nikkie;Seager;842619490-7;1969-12-21;nseager1d@theglobeandmail.com;F;2 Lotheville Court
51;Samaria;Albery;389981953-5;2003-09-23;salbery1e@disqus.com;F;7543 Darwin Alley
52;Dede;Dawdry;005091303-4;1986-07-03;ddawdry1f@meetup.com;F;14 Bunker Hill Center
53;Cosette;Jirzik;371223143-1;1971-08-03;cjirzik1g@upenn.edu;F;3412 Independence Alley
54;Nicolas;Blezard;210155963-3;1997-11-05;nblezard1h@china.com.cn;M;200 Meadow Vale Junction
55;Eydie;Oller;379022364-6;2002-12-09;eoller1i@51.la;F;111 Browning Way
56;Guglielmo;Cristofor;061006300-6;1978-09-30;gcristofor1j@telegraph.co.uk;M;299 Victoria Avenue
57;Kevina;Devey;912679513-2;2003-06-27;kdevey1k@ameblo.jp;F;1 Shoshone Plaza
58;Abigail;Gladhill;769272551-9;1990-07-12;agladhill1l@github.io;F;47249 Logan Way
59;Binky;Cruce;151877922-0;1993-02-11;bcruce1m@cdbaby.com;M;49 Anderson Terrace
60;Erny;Clancy;755792704-4;1976-08-19;eclancy1n@ezinearticles.com;M;9871 Helena Junction
61;Misha;Lavers;822922960-0;1958-01-01;mlavers1o@narod.ru;F;76 Myrtle Street
62;Tristan;Lamyman;650046572-5;1953-02-24;tlamyman1p@wikipedia.org;M;8 Derek Alley
63;Lanny;Arondel;992750304-0;1966-11-16;larondel1q@gizmodo.com;M;3 Sage Hill
64;Garvin;Gannicleff;100780998-1;1962-08-25;ggannicleff1r@springer.com;M;3999 Pine View Pass
65;Viki;Bairnsfather;954548748-8;1961-04-26;vbairnsfather1s@list-manage.com;F;8 Old Shore Place
66;Mamie;Creane;045504370-1;1999-03-01;mcreane1t@google.fr;F;11636 Garrison Hill
67;Riane;Culleton;110758557-0;1973-08-09;rculleton1u@eepurl.com;F;598 Petterle Road
68;Laurens;Tooth;374836422-9;1985-04-21;ltooth1v@unc.edu;M;7 Summerview Pass
69;Quinta;Roft;869514449-6;1991-11-25;qroft1w@reverbnation.com;F;4 Jay Lane
70;Millicent;Amies;378438938-4;1991-12-03;mamies1x@google.com.hk;F;9068 Longview Point
71;Nancey;Betke;187326972-2;1955-07-01;nbetke1y@dailymotion.com;F;1 Di Loreto Crossing
72;Berget;Thumann;349643771-5;1960-08-08;bthumann1z@foxnews.com;F;502 Becker Terrace
73;Livvie;Beet;111437370-2;1958-07-19;lbeet20@vimeo.com;F;8412 Vera Junction
74;Sol;Huscroft;025936087-2;1995-09-03;shuscroft21@bigcartel.com;M;64777 Morrow Lane
75;Helena;Harp;501909522-2;1960-07-13;hharp22@senate.gov;F;93 Bobwhite Drive
76;Meris;Heining;669115223-9;1960-03-20;mheining23@ovh.net;F;077 Bobwhite Park
77;Riane;Cassey;440360123-5;1968-02-11;rcassey24@stanford.edu;F;83 Carioca Crossing
78;Berny;Scutcheon;381106034-1;2005-07-12;bscutcheon25@timesonline.co.uk;M;6 Holmberg Street
79;Shirleen;Severwright;426291251-5;1952-04-08;sseverwright26@histats.com;F;1685 Crowley Trail
80;Carleen;Emmet;760251645-1;1989-07-07;cemmet27@wisc.edu;F;9354 Dakota Park
81;Camila;Molen;965715064-7;1955-03-29;cmolen28@goo.ne.jp;F;19615 4th Way
82;Chery;MacSweeney;486844556-1;1973-11-08;cmacsweeney29@elegantthemes.com;F;86953 Derek Circle
83;Cornie;Kennagh;211150107-7;1995-12-25;ckennagh2a@ocn.ne.jp;F;89259 Oak Valley Plaza
84;Silvanus;House;807401070-8;2005-03-18;shouse2b@ocn.ne.jp;M;913 Erie Center
85;Ashlie;Wren;529945043-5;1954-02-24;awren2c@nature.com;F;423 New Castle Lane
86;Wilek;Smeal;047833547-4;1966-04-06;wsmeal2d@upenn.edu;M;6 Rusk Trail
87;Petronella;Lawrenceson;010432403-1;1970-04-17;plawrenceson2e@wikipedia.org;F;6 Thackeray Junction
88;Burty;Warrack;662128788-7;1975-05-18;bwarrack2f@ox.ac.uk;M;68679 Northview Lane
89;Anna-diana;Bownas;587048577-0;1990-09-03;abownas2g@admin.ch;F;3 Di Loreto Drive
90;Ellwood;Paute;284339095-8;1988-09-30;epaute2h@amazon.de;M;834 Morningstar Parkway
91;Dody;Manntschke;242312067-2;1950-03-05;dmanntschke2i@ebay.co.uk;F;3 Meadow Vale Junction
92;Hercule;Allsobrook;046383674-X;1983-03-30;hallsobrook2j@clickbank.net;M;9 Pankratz Way
93;Laney;Terron;953671315-2;1982-03-17;lterron2k@github.com;M;7 Sunfield Road
94;Hinda;Rittelmeyer;119851081-1;1975-06-10;hrittelmeyer2l@forbes.com;F;6391 Mesta Place
95;Netty;Whittles;777636968-3;2003-09-11;nwhittles2m@home.pl;F;83799 Gina Alley
96;Sybil;Raeside;734644286-5;1991-12-13;sraeside2n@jimdo.com;F;65 Arapahoe Court
97;Carleton;Abelovitz;426511744-9;1952-06-09;cabelovitz2o@harvard.edu;M;314 Del Mar Street
98;Guthrie;Butterly;812635413-5;1992-12-07;gbutterly2p@163.com;M;32110 Meadow Ridge Terrace
99;Robert;Vauls;535698759-5;1960-08-10;rvauls2q@odnoklassniki.ru;M;95402 Moose Plaza
100;Cynthie;Calderon;385326063-2;2003-02-17;ccalderon2r@ebay.co.uk;F;605 Bowman Terrace
101;Jocko;Rollett;536676190-5;1950-04-30;jrollett2s@spiegel.de;M;884 Bobwhite Street
102;Stewart;Krinks;627194628-3;1989-06-04;skrinks2t@weebly.com;M;953 Maryland Junction
103;Bernadina;Bernuzzi;519366666-3;1991-10-03;bbernuzzi2u@fema.gov;F;31 Summit Crossing
104;Gasper;Turbefield;472985077-7;1978-05-11;gturbefield2v@amazon.de;M;5 Karstens Circle
105;Rollo;Skitral;932553856-3;1999-01-17;rskitral2w@icq.com;M;3 Vermont Road
106;Dorris;Aldwich;619089277-9;1995-07-04;daldwich2x@theguardian.com;F;84 Montana Pass
107;Padraig;Oppery;624386934-2;1974-10-12;poppery2y@scribd.com;M;9 Morningstar Drive
108;Cazzie;Ollis;605512755-5;1983-04-06;collis2z@reddit.com;M;7978 4th Avenue
109;Alyss;Tabrett;621331291-9;1971-04-05;atabrett30@amazonaws.com;F;88284 Karstens Drive
110;Claire;Graham;888588885-2;1961-08-19;cgraham31@shop-pro.jp;M;4 Service Crossing
111;Rochester;Gogan;189929801-0;1981-07-02;rgogan32@cnn.com;M;3054 Iowa Terrace
112;Jasmine;Kniveton;239142342-X;2003-06-25;jkniveton33@slate.com;F;601 Milwaukee Parkway
113;Hillel;Rowles;854327081-2;1966-08-10;hrowles34@mail.ru;M;184 Buell Circle
114;Layney;McReedy;659401276-2;1973-07-05;lmcreedy35@rambler.ru;F;6 Johnson Court
115;Alfonso;Swanson;840375342-X;1988-11-09;aswanson36@bing.com;M;2700 Lyons Drive
116;Mia;Hamper;111429191-9;1998-06-04;mhamper37@drupal.org;F;2684 Amoth Circle
117;Uri;Pavolini;162284424-6;1973-06-25;upavolini38@etsy.com;M;07 Grayhawk Alley
118;Francine;Jeffress;390368681-6;1989-01-10;fjeffress39@tripod.com;F;00644 Pennsylvania Circle
119;Ruttger;Leamy;945551367-6;1998-02-03;rleamy3a@sbwire.com;M;9 Bunker Hill Parkway
120;Kasper;Smurthwaite;541347755-4;1961-03-17;ksmurthwaite3b@domainmarket.com;M;65559 Nova Trail
121;Miguel;Clowser;484828584-4;1963-10-24;mclowser3c@pinterest.com;M;75 Union Parkway
122;Oran;Mosconi;022576577-2;1962-12-20;omosconi3d@discovery.com;M;46 Ohio Street
123;Rodger;Lax;174346064-3;1965-04-30;rlax3e@ihg.com;M;3951 Bonner Point
124;Hervey;Hargate;662769148-5;1995-11-29;hhargate3f@123-reg.co.uk;M;62275 Novick Way
125;Leona;Bramham;001556712-5;1981-01-03;lbramham3g@live.com;F;6 Sauthoff Avenue
126;Gerhard;Hunnable;313700869-7;1973-09-09;ghunnable3h@state.tx.us;M;30171 Ohio Road
127;Archambault;Hinkes;887299775-5;1980-08-29;ahinkes3i@pen.io;M;17545 Bartillon Drive
128;Redford;Zipsell;989734932-4;1970-08-12;rzipsell3j@wp.com;M;35 Sauthoff Plaza
129;Eulalie;Nerheny;443187574-3;1960-03-19;enerheny3k@kickstarter.com;F;89 Elgar Pass
130;Zacharie;Lawrie;706069630-X;1993-02-25;zlawrie3l@google.ca;M;77459 Arizona Road
131;Reggie;Murkus;884894104-4;1995-05-28;rmurkus3m@quantcast.com;M;263 Annamark Junction
132;Archibald;Mooreed;714087695-9;1981-08-25;amooreed3n@illinois.edu;M;16443 Holy Cross Trail
133;Nigel;Ussher;657515972-9;1956-03-23;nussher3o@free.fr;M;67 Bellgrove Hill
134;Revkah;Thandi;915700415-3;1976-09-08;rthandi3p@discuz.net;F;2 Meadow Vale Point
135;Ignatius;Brisse;383901174-4;1986-08-22;ibrisse3q@buzzfeed.com;M;97521 Basil Point
136;Pierre;Meers;321886998-6;2005-06-13;pmeers3r@merriam-webster.com;M;7 Garrison Center
137;Elva;Beincken;547603110-3;2004-07-04;ebeincken3s@flickr.com;F;7 Bluestem Trail
138;Corny;Boldock;297454802-4;1992-12-02;cboldock3t@wikia.com;F;8937 Hayes Pass
139;Huberto;Sweeney;804956408-8;1953-02-05;hsweeney3u@wired.com;M;3 Shopko Place
140;Ali;Dyer;745630676-1;1985-02-24;adyer3v@github.com;F;149 Eagle Crest Terrace
141;Ernie;Roskeilly;188371916-X;1994-01-27;eroskeilly3w@ebay.com;M;929 Quincy Drive
142;Tam;Collerd;029104341-0;1950-04-06;tcollerd3x@stanford.edu;M;12749 Blackbird Road
143;Georgetta;Shobbrook;511064602-3;2003-08-09;gshobbrook3y@uol.com.br;F;1 Ruskin Street
144;Ethelda;Matherson;342760400-4;2004-08-27;ematherson3z@go.com;F;348 Novick Avenue
145;Denise;Flintiff;898279085-3;1987-08-18;dflintiff40@webmd.com;F;45 Dwight Pass
146;Rodina;Lenchenko;658008862-1;1956-10-27;rlenchenko41@facebook.com;F;0173 Forster Trail
147;Boony;Watts;859787929-7;1962-10-03;bwatts42@digg.com;M;95 Buhler Street
148;Dale;Galey;974199181-9;1974-01-04;dgaley43@google.cn;F;679 Golf Lane
149;Stacia;Bertomier;023439303-3;1999-01-08;sbertomier44@wisc.edu;F;3819 Larry Junction
150;Carlyle;Normant;524809463-1;1966-06-30;cnormant45@smh.com.au;M;820 Namekagon Place
151;Germain;Osmar;494191965-3;1972-06-24;gosmar46@cafepress.com;F;624 Del Mar Parkway
152;Tobe;Fibbens;089491357-3;1959-05-15;tfibbens47@va.gov;M;0 Harper Trail
153;Jordon;Scothron;403000846-1;1970-02-26;jscothron48@economist.com;M;6847 Fordem Drive
154;Xena;Pochon;675045687-1;2001-04-06;xpochon49@elpais.com;F;4 Briar Crest Plaza
155;Chanda;Ibel;556451431-9;1951-05-05;cibel4a@cnn.com;F;9323 Northridge Avenue
156;Farly;Guise;959802811-9;1957-01-02;fguise4b@hao123.com;M;0 Monica Circle
157;Lindie;Tatlowe;081842137-1;1964-05-30;ltatlowe4c@spotify.com;F;34 Arkansas Trail
158;Laverne;Tregunna;966689145-X;1952-06-25;ltregunna4d@amazon.co.jp;F;2426 Melvin Road
159;Cornall;Randlesome;273683621-9;1989-10-20;crandlesome4e@cdbaby.com;M;6 Clyde Gallagher Road
160;Aleksandr;Meiningen;920208826-8;2003-10-21;ameiningen4f@princeton.edu;M;91814 Village Hill
161;Emmott;Rehm;150344237-3;1980-05-21;erehm4g@joomla.org;M;388 Mifflin Court
162;Gianna;Souster;806990242-6;1987-12-27;gsouster4h@prweb.com;F;7197 Oakridge Circle
163;Constantina;Kornes;014563031-5;1953-12-27;ckornes4i@deviantart.com;F;14874 Riverside Pass
164;Batholomew;Dearell;812480799-X;1999-06-12;bdearell4j@comcast.net;M;2017 Pennsylvania Junction
165;Lucho;Island;435580271-X;1990-05-11;lisland4k@about.me;M;71923 Moland Lane
166;Jocko;Milan;380502151-8;1967-04-09;jmilan4l@blogger.com;M;070 Becker Parkway
167;Jakob;Piatek;597148208-4;1979-01-14;jpiatek4m@apple.com;M;94 Merrick Circle
168;Frayda;Rosenwasser;106156499-1;1950-01-19;frosenwasser4n@google.com.hk;F;3 Mosinee Court
169;Raffarty;Roubeix;933869496-8;1997-03-25;rroubeix4o@live.com;M;2 Nelson Circle
170;Edy;Eagger;601537074-2;1998-04-30;eeagger4p@latimes.com;F;54 Leroy Parkway
171;Nellie;Scrowston;444346653-3;1951-09-07;nscrowston4q@japanpost.jp;F;99 Westport Center
172;Cristina;O' Gara;433972752-0;1954-01-12;cogara4r@slideshare.net;F;3 Coleman Lane
173;Niall;Nightingale;900807064-2;1992-02-26;nnightingale4s@multiply.com;M;9581 Hudson Pass
174;Karalynn;Batchelar;646469668-8;1969-03-12;kbatchelar4t@cornell.edu;F;526 Redwing Parkway
175;Harrison;Worboys;819291788-6;1961-04-24;hworboys4u@drupal.org;M;0662 Warrior Crossing
176;Skye;Lomath;970026279-0;1968-05-12;slomath4v@taobao.com;M;181 Luster Road
177;Evvie;Shacklady;135283837-0;1950-12-19;eshacklady4w@free.fr;F;422 Mayfield Point
178;Sharl;Penhalewick;152484877-8;1963-11-07;spenhalewick4x@livejournal.com;F;56028 Independence Point
179;Eustace;Sondland;836059476-7;1966-04-30;esondland4y@taobao.com;M;095 Westend Terrace
180;Michele;Valler;255955625-1;1985-10-07;mvaller4z@ameblo.jp;F;8185 Jenna Point
181;Bartlet;Egle of Germany;495479158-8;2001-04-02;begleofgermany50@domainmarket.com;M;4454 Westridge Point
182;Giffer;Cleevely;890580713-5;2003-07-07;gcleevely51@quantcast.com;M;16 Golf Alley
183;Jaclyn;Bousfield;307930199-4;1996-03-27;jbousfield52@jalbum.net;F;1343 Carey Plaza
184;Billye;Farfull;330045741-6;1999-02-18;bfarfull53@parallels.com;F;8125 Eliot Hill
185;Barbette;Lougheed;477748993-0;1959-01-19;blougheed54@reverbnation.com;F;704 Old Gate Lane
186;Clerc;Gainsbury;329197730-0;1995-09-14;cgainsbury55@behance.net;M;4110 Meadow Vale Junction
187;Antonin;Maddin;135127847-9;1998-03-06;amaddin56@globo.com;M;85350 Roxbury Junction
188;Sheppard;Campelli;666782541-5;1982-12-09;scampelli57@myspace.com;M;2 Artisan Crossing
189;Sherye;Matheson;728431762-0;1980-08-01;smatheson58@bloglovin.com;F;0 Grasskamp Parkway
190;Ware;Steven;263283590-9;1966-05-21;wsteven59@com.com;M;35 Straubel Place
191;Shara;Bolwell;982750134-8;1959-02-27;sbolwell5a@1und1.de;F;057 Bashford Junction
192;Reggie;Morfell;250273450-9;1996-10-12;rmorfell5b@barnesandnoble.com;M;538 Sullivan Point
193;Urban;Tabord;699086345-5;1970-08-25;utabord5c@cbc.ca;M;2092 Parkside Place
194;Vachel;Ingreda;805310483-5;1981-10-12;vingreda5d@sourceforge.net;M;4844 Wayridge Crossing
195;Bren;Harland;444375455-5;1958-06-29;bharland5e@china.com.cn;M;9 Charing Cross Street
196;Flem;Lenaghen;143209913-2;1959-05-07;flenaghen5f@cocolog-nifty.com;M;7452 Lukken Alley
197;Janey;Loudwell;155452416-4;1959-03-20;jloudwell5g@skyrock.com;F;62 Anderson Pass
198;Michaela;O'Scanlan;324514707-4;1968-10-22;moscanlan5h@mediafire.com;F;74 New Castle Way
199;Lanita;Bustard;309828655-5;1961-01-22;lbustard5i@npr.org;F;0 Stone Corner Court
200;Wilburt;McPharlain;245942208-3;2000-12-27;wmcpharlain5j@ted.com;M;9242 Gale Avenue
201;Jacynth;Farrens;376539106-9;1981-09-12;jfarrens5k@boston.com;F;374 Corscot Plaza
202;Mae;Kinnon;094335860-4;1950-05-27;mkinnon5l@parallels.com;F;70 Troy Alley
203;Candra;Edinborough;668564677-2;1975-11-22;cedinborough5m@surveymonkey.com;F;922 Superior Avenue
204;Ninette;Wilmott;623377689-9;1989-12-18;nwilmott5n@taobao.com;F;4 Delaware Avenue
205;Rosa;Domelow;733783268-0;1992-02-15;rdomelow5o@java.com;F;5390 Lunder Street
206;Norris;Muck;778541349-5;1957-12-22;nmuck5p@mediafire.com;M;28977 Kedzie Crossing
207;Devy;Ritchley;482849411-1;1950-06-17;dritchley5q@guardian.co.uk;M;673 Spenser Way
208;Lukas;Pedrol;528609093-1;2005-03-20;lpedrol5r@noaa.gov;M;938 Gerald Place
209;Astra;Pidgeon;788628169-1;1990-09-20;apidgeon5s@earthlink.net;F;93620 Drewry Park
210;Alvin;Dudley;689098815-9;1990-08-08;adudley5t@pagesperso-orange.fr;M;8799 Rowland Circle
211;Correna;Saggs;446259927-6;1992-05-11;csaggs5u@reddit.com;F;0 Londonderry Park
212;Jerri;Seager;678803779-5;1968-11-10;jseager5v@engadget.com;M;5289 Sherman Point
213;Neile;Britto;162907268-0;1973-10-31;nbritto5w@google.ru;F;95 Rowland Plaza
214;Andie;Arkley;954655820-6;1983-09-04;aarkley5x@taobao.com;M;80881 Rigney Road
215;Christian;Lebrun;234754607-4;2004-09-26;clebrun5y@java.com;F;406 Cottonwood Lane
216;Chrissy;Missen;359715158-2;2000-12-16;cmissen5z@drupal.org;M;51 Hansons Hill
217;Cristiano;Yurenin;360638006-2;1966-09-13;cyurenin60@over-blog.com;M;89702 Jenna Drive
218;Towney;Feldmesser;452502783-5;1966-08-07;tfeldmesser61@imageshack.us;M;02 Graedel Drive
219;Marya;Roncelli;488038217-5;1968-01-07;mroncelli62@yale.edu;F;5877 Lerdahl Hill
220;Mallissa;Fellona;617091118-2;1991-09-19;mfellona63@diigo.com;F;51945 Graedel Road
221;Alameda;Libermore;927568359-X;1955-08-30;alibermore64@simplemachines.org;F;6117 Bluestem Parkway
222;Willy;Narrie;133938204-0;1968-06-26;wnarrie65@state.gov;F;773 Corben Park
223;Luz;Tylor;561423222-2;1979-04-03;ltylor66@is.gd;F;389 Weeping Birch Junction
224;Jarred;Minghella;449036602-7;1979-10-06;jminghella67@parallels.com;M;8 7th Pass
225;Annette;Mantram;799526224-8;1980-10-24;amantram68@microsoft.com;F;955 Westend Center
226;Garrek;Shimon;789895943-4;1996-02-29;gshimon69@ebay.co.uk;M;0 Schiller Alley
227;Jaine;MacConchie;304431966-8;1992-04-16;jmacconchie6a@blogspot.com;F;28598 Brickson Park Hill
228;Howie;Hullett;717540262-7;1952-04-26;hhullett6b@uiuc.edu;M;186 Shasta Pass
229;Brenn;Patis;800885539-8;1956-09-18;bpatis6c@elegantthemes.com;F;3445 Florence Court
230;Lynnett;Dudin;943721280-5;2001-06-02;ldudin6d@unc.edu;F;22 Texas Street
231;Cleavland;Callington;340858664-0;1963-07-16;ccallington6e@plala.or.jp;M;3299 Johnson Circle
232;Miles;Ebi;576447784-0;1959-03-25;mebi6f@timesonline.co.uk;M;44076 Heffernan Terrace
233;Sue;Feitosa;691683818-3;1974-06-01;sfeitosa6g@odnoklassniki.ru;F;2762 Loeprich Court
234;Suzann;Pittam;410017301-6;1970-08-11;spittam6h@mysql.com;F;6 Gerald Crossing
235;Marlo;Darrigoe;506410064-7;1966-01-18;mdarrigoe6i@buzzfeed.com;F;150 Esker Hill
236;Sophia;Cashin;197340448-6;1979-07-03;scashin6j@clickbank.net;F;80985 Vera Parkway
237;Hailey;Catlin;390800558-2;2004-06-02;hcatlin6k@chron.com;M;34029 Fairfield Crossing
238;Ingamar;Rush;876015636-8;1982-01-12;irush6l@who.int;M;468 Rieder Hill
239;Franzen;Osipov;929232062-9;1975-10-30;fosipov6m@sphinn.com;M;34 Graceland Terrace
240;Vivienne;Petzolt;040114997-8;1979-08-10;vpetzolt6n@walmart.com;F;0 Superior Hill
241;Shoshana;Piggot;093867732-2;1970-05-23;spiggot6o@jalbum.net;F;26 Badeau Way
242;Trent;Stokes;982315626-3;1987-11-20;tstokes6p@devhub.com;M;43878 Farmco Junction
243;Leanora;Brikner;161571142-2;2001-10-18;lbrikner6q@dion.ne.jp;F;57 Schurz Alley
244;Sibyl;Huxtable;601624841-X;1981-03-07;shuxtable6r@myspace.com;F;1643 Florence Trail
245;Marquita;Haggie;664273087-9;1971-12-15;mhaggie6s@senate.gov;F;1699 Paget Junction
246;Roxane;Headford;583852171-6;1960-10-06;rheadford6t@typepad.com;F;7956 Ronald Regan Plaza
247;Kristine;Nassy;456518887-2;1980-02-03;knassy6u@virginia.edu;F;70 Homewood Parkway
248;Arluene;Potell;776292101-X;2004-11-08;apotell6v@fotki.com;F;4650 Bay Point
249;Babb;Hurrion;957980222-X;2001-08-09;bhurrion6w@opera.com;F;01 Sommers Alley
250;Hedwiga;Garlett;948677959-7;1989-10-05;hgarlett6x@squarespace.com;F;9 Porter Plaza
251;Lorene;Hoffman;958844133-1;1983-07-20;lhoffman6y@state.gov;F;0 Summerview Alley
252;Rosaleen;Longley;075366039-3;2005-12-22;rlongley6z@fc2.com;F;1 Old Gate Drive
253;Con;Perry;720379595-0;1996-03-19;cperry70@google.com.br;M;69254 New Castle Place
254;Flinn;Rehn;040167799-0;1996-09-01;frehn71@abc.net.au;M;547 Welch Place
255;Ophelie;Pozer;088512129-5;1974-06-23;opozer72@businessinsider.com;F;1156 Brickson Park Court
256;Blaine;Prettyjohn;574632225-3;1968-11-25;bprettyjohn73@archive.org;M;72148 Boyd Parkway
257;Clemmy;Stenton;159010565-6;1998-06-13;cstenton74@wisc.edu;F;1 Esch Place
258;Nestor;Fullbrook;148146781-6;1952-01-24;nfullbrook75@themeforest.net;M;38705 Hanson Court
259;Washington;Bauchop;432182320-X;1989-12-22;wbauchop76@de.vu;M;16 Maryland Circle
260;Jakob;Halso;692155189-X;1992-12-25;jhalso77@sbwire.com;M;496 Fuller Circle
261;Boot;Clowton;221037081-7;1962-11-27;bclowton78@samsung.com;M;04405 Pleasure Hill
262;Sarge;Barensen;214575911-5;1990-08-25;sbarensen79@eventbrite.com;M;38 Schmedeman Terrace
263;Brannon;Meredyth;521984608-6;1956-12-14;bmeredyth7a@patch.com;M;9855 Bultman Lane
264;Milli;Furzey;647139639-2;1988-10-08;mfurzey7b@google.it;F;738 Valley Edge Terrace
265;Herschel;McMylor;757848087-1;1995-01-25;hmcmylor7c@google.cn;M;18 Heath Place
266;Karla;Kilgour;367687694-6;1974-03-26;kkilgour7d@netlog.com;F;8 Rockefeller Crossing
267;Garvin;Carpe;692306448-1;1997-05-10;gcarpe7e@bloglovin.com;M;543 Coolidge Place
268;Madelin;Cromwell;489295969-3;1984-02-06;mcromwell7f@hud.gov;F;1780 Barby Plaza
269;Cori;Philips;151006577-6;1994-04-11;cphilips7g@pinterest.com;F;68890 Warbler Hill
270;Errol;Redsell;770709534-0;1960-11-26;eredsell7h@hostgator.com;M;46835 Blaine Crossing
271;Hermy;Dilon;785240034-5;1988-04-19;hdilon7i@europa.eu;M;11010 Eastwood Way
272;Ilka;Karadzas;580501491-2;1996-01-17;ikaradzas7j@gov.uk;F;83561 Sherman Alley
273;Hanan;Eaddy;638677518-X;1993-12-16;headdy7k@yale.edu;M;3666 Esch Point
274;Verge;Pauly;965261721-0;1979-06-01;vpauly7l@cdbaby.com;M;3 Menomonie Junction
275;Evelina;Ashleigh;900119947-X;1986-09-09;eashleigh7m@opensource.org;F;2108 Miller Hill
276;Ignace;Pargent;680875124-2;1995-08-12;ipargent7n@wikimedia.org;M;46 Derek Road
277;Doyle;Jaffray;811300606-0;1997-05-08;djaffray7o@illinois.edu;M;4090 Blue Bill Park Hill
278;Emmott;MacCardle;776398742-1;2001-06-06;emaccardle7p@woothemes.com;M;4648 Katie Park
279;Nichole;Dawe;164678099-X;1969-04-20;ndawe7q@oracle.com;M;08451 Prentice Drive
280;Arny;Colerick;629839609-8;1988-03-16;acolerick7r@bluehost.com;M;745 Prairie Rose Avenue
281;Ringo;Nelthorpe;924027928-8;1996-07-01;rnelthorpe7s@europa.eu;M;5 Mccormick Alley
282;Jack;Daniello;782607185-2;1962-11-16;jdaniello7t@netscape.com;M;403 Aberg Hill
283;Melisenda;Swinney;147308019-3;1957-06-08;mswinney7u@hao123.com;F;19 Arizona Circle
284;Maybelle;Beecroft;249271612-0;1973-12-13;mbeecroft7v@typepad.com;F;75 Valley Edge Alley
285;Flor;Samudio;078641856-7;1978-07-30;fsamudio7w@purevolume.com;F;99181 Kinsman Crossing
286;Cherida;Hamsley;492387250-0;1972-06-05;chamsley7x@1688.com;F;27 Veith Point
287;Marne;Noar;808946205-7;2001-03-08;mnoar7y@typepad.com;F;98454 Blaine Court
288;Lenka;Gorse;179883546-0;1956-02-02;lgorse7z@nbcnews.com;F;9 Division Lane
289;Alano;Domegan;928694984-7;1951-02-17;adomegan80@nba.com;M;5315 Park Meadow Lane
290;Emelita;Lionel;254272320-6;1952-03-10;elionel81@meetup.com;F;7234 Autumn Leaf Pass
291;Maud;Reams;583302224-X;1954-11-29;mreams82@webeden.co.uk;F;3232 Dapin Terrace
292;Timi;Yusupov;450483197-X;1981-04-17;tyusupov83@sohu.com;F;35021 Lotheville Hill
293;Rhiamon;Curcher;401764993-9;1988-10-27;rcurcher84@delicious.com;F;7058 Schurz Drive
294;Lindi;Gauler;868436045-1;1968-12-11;lgauler85@freewebs.com;F;24879 Summer Ridge Avenue
295;Oliy;Ellicombe;037511621-4;1952-06-24;oellicombe86@over-blog.com;F;0043 Nova Point
296;Allison;Corderoy;452329185-3;1962-06-01;acorderoy87@ehow.com;F;6 Monica Trail
297;Stephen;Been;910920816-X;2000-04-10;sbeen88@census.gov;M;04135 Sullivan Junction
298;Sile;Crasswell;395133177-1;1988-08-11;scrasswell89@elegantthemes.com;F;9224 Macpherson Parkway
299;Claudian;Ianno;753834930-8;1958-09-19;cianno8a@cbsnews.com;M;9178 Valley Edge Street
300;Adrianna;Ferrieroi;645612636-3;1973-10-04;aferrieroi8b@buzzfeed.com;F;639 Kedzie Lane
301;Tate;Clooney;901395167-8;1957-09-13;tclooney8c@pagesperso-orange.fr;F;852 Myrtle Center
302;Cornelle;O'Grada;172138325-5;1962-12-11;cograda8d@over-blog.com;F;1783 Union Crossing
303;Malissa;Bronot;532318360-8;1987-05-15;mbronot8e@icio.us;F;81773 Blue Bill Park Hill
304;Daria;Breed;260931764-6;1981-08-17;dbreed8f@sourceforge.net;F;5363 Waywood Way
305;Klarrisa;Yurkiewicz;244372486-7;1978-08-27;kyurkiewicz8g@sakura.ne.jp;F;438 Washington Crossing
306;Pauletta;Kislingbury;733325672-3;1976-04-09;pkislingbury8h@buzzfeed.com;F;5 Pennsylvania Drive
307;Haydon;Uccello;823815310-7;1963-02-20;huccello8i@berkeley.edu;M;09 Hudson Center
308;Beryl;Scales;238182067-1;1984-06-01;bscales8j@rediff.com;F;20658 Washington Parkway
309;Krystal;Schwieso;445160119-3;1969-05-12;kschwieso8k@networksolutions.com;F;61 Annamark Crossing
310;Marcile;Lesser;753542970-X;1986-05-02;mlesser8l@skype.com;F;76 Sutherland Point
311;Benjy;Cann;759836440-0;1982-12-31;bcann8m@geocities.com;M;0 Schurz Circle
312;Claudette;Walklett;896201360-6;1950-01-10;cwalklett8n@pinterest.com;F;1122 Ruskin Parkway
313;Ara;Mehmet;108197956-9;1979-10-12;amehmet8o@mlb.com;M;622 Hauk Center
314;Elsinore;Carnegie;211158846-6;1979-06-25;ecarnegie8p@hubpages.com;F;7 Farwell Plaza
315;Garry;Trimby;076558268-6;1962-05-26;gtrimby8q@yellowbook.com;M;021 Morrow Way
316;Jane;St Quenin;439558839-5;2000-05-30;jstquenin8r@amazon.com;F;3 Grayhawk Junction
317;Brian;Baitman;774852095-X;1952-10-07;bbaitman8s@vk.com;M;2 Montana Center
318;Glenden;Speer;011941848-7;1964-09-20;gspeer8t@pcworld.com;M;3 Scoville Hill
319;Amery;Swain;831808512-4;1993-02-26;aswain8u@flavors.me;M;52 Marquette Circle
320;Phillida;Blamires;889706622-4;1979-09-25;pblamires8v@nyu.edu;F;098 Meadow Valley Center
321;Gaspar;Parsell;050124113-2;1967-03-03;gparsell8w@fotki.com;M;8 Delladonna Way
322;Warner;Rebeiro;266245757-0;1965-04-07;wrebeiro8x@bloglines.com;M;04 Larry Center
323;Wyndham;Ellacombe;709805023-7;2005-03-16;wellacombe8y@123-reg.co.uk;M;8926 Randy Trail
324;Gery;Whorton;742657460-1;1988-05-22;gwhorton8z@a8.net;M;3481 Moulton Drive
325;Desmund;Tappington;506742444-3;1979-04-07;dtappington90@hibu.com;M;4 Heffernan Way
326;Hymie;Helks;025759947-9;1967-07-15;hhelks91@ask.com;M;1 Eggendart Way
327;Vincenz;Eager;239684600-0;1995-12-26;veager92@usda.gov;M;1986 Lukken Center
328;Waylon;Spyvye;116670873-X;2004-12-08;wspyvye93@go.com;M;9 Caliangt Circle
329;Ganny;Spellworth;818855420-0;1991-04-12;gspellworth94@telegraph.co.uk;M;606 Commercial Court
330;Hillier;Le Barr;052855629-0;1989-11-11;hlebarr95@mozilla.com;M;412 Briar Crest Drive
331;Leela;Saill;599788865-7;1989-05-09;lsaill96@theatlantic.com;F;371 Jana Street
332;Henrieta;Willman;563303726-X;1978-05-24;hwillman97@cafepress.com;F;20 Hauk Park
333;Towney;Eusden;104346714-9;1955-03-21;teusden98@yolasite.com;M;69386 Meadow Valley Circle
334;Hayward;Gatfield;249955672-2;1960-08-08;hgatfield99@webeden.co.uk;M;21579 7th Road
335;Rance;Saffrin;909942706-9;2000-10-10;rsaffrin9a@ed.gov;M;877 Nobel Drive
336;Trista;Malkinson;927356316-3;2002-06-28;tmalkinson9b@diigo.com;F;1 Pierstorff Alley
337;Ofilia;Long;118605513-8;1993-05-11;olong9c@dagondesign.com;F;340 Village Terrace
338;Dall;Ryce;725249801-8;2003-03-12;dryce9d@over-blog.com;M;2 Kropf Junction
339;Regan;Lethabridge;347391837-7;1963-09-29;rlethabridge9e@zdnet.com;F;4040 Fremont Plaza
340;Mariejeanne;Wilsee;326211399-9;1988-03-30;mwilsee9f@deliciousdays.com;F;49313 Rigney Trail
341;Erna;Mashal;624892406-6;1978-03-05;emashal9g@phoca.cz;F;9129 Pierstorff Way
342;Jaimie;Ellington;397377421-8;1955-06-02;jellington9h@wikimedia.org;M;35 Shasta Trail
343;Nobie;Giottini;369698271-7;2001-10-12;ngiottini9i@xing.com;M;8 Raven Avenue
344;Abby;Collabine;622267739-8;1982-12-27;acollabine9j@redcross.org;M;7 Cascade Way
345;Carlo;Skypp;333282656-5;1958-05-25;cskypp9k@archive.org;M;67 Arrowood Terrace
346;Stacee;MacCawley;217984494-8;1963-03-27;smaccawley9l@yahoo.com;F;2904 Homewood Alley
347;Francesca;Kittel;615263443-1;1996-04-26;fkittel9m@alibaba.com;F;02163 Springs Parkway
348;Orton;Lismer;394622868-2;1990-12-10;olismer9n@friendfeed.com;M;07 Prentice Court
349;Billi;Spivey;197217544-0;1953-03-10;bspivey9o@google.com;F;684 Nancy Pass
350;Gael;Alderton;031883654-8;1965-04-13;galderton9p@amazon.com;M;42558 Nobel Street
351;Buckie;Ratnage;170398152-9;1964-06-05;bratnage9q@tamu.edu;M;9 3rd Way
352;Clem;Daskiewicz;530732996-2;1994-07-26;cdaskiewicz9r@walmart.com;M;3018 Esker Plaza
353;Jacqui;Ruddoch;037803413-8;1970-11-01;jruddoch9s@webeden.co.uk;F;398 Mariners Cove Street
354;Jillana;Thomazin;790434912-4;1964-06-28;jthomazin9t@blinklist.com;F;1600 Stephen Point
355;Clemmy;Vicioso;597353083-3;2003-07-04;cvicioso9u@123-reg.co.uk;F;2 Cordelia Pass
356;Haleigh;Yarham;170627151-4;2002-11-01;hyarham9v@seattletimes.com;M;0507 Ohio Road
357;Hobie;Ibbison;617074560-6;1969-11-17;hibbison9w@mysql.com;M;3 Buhler Parkway
358;Chad;Colbert;089056914-2;1988-11-24;ccolbert9x@buzzfeed.com;M;593 Hudson Street
359;Weider;Burgh;604214116-3;1965-04-20;wburgh9y@de.vu;M;65 Nobel Terrace
360;Coralyn;Allom;975390609-9;1982-05-14;callom9z@pcworld.com;F;25 Canary Avenue
361;Shellysheldon;Robecon;818289011-X;1968-05-24;srobecona0@about.com;M;2116 Eagle Crest Parkway
362;Balduin;Demcik;036604078-2;1950-01-09;bdemcika1@omniture.com;M;03481 Union Court
363;Ricky;De Paepe;498206780-5;2002-06-27;rdepaepea2@statcounter.com;F;0 Continental Lane
364;Andrea;Tuohy;034375429-0;1996-06-04;atuohya3@stumbleupon.com;F;4 Novick Plaza
365;Haleigh;Orht;500042137-X;1973-03-05;horhta4@yellowpages.com;M;023 Talmadge Avenue
366;Ari;Berends;205582418-X;2001-06-04;aberendsa5@alexa.com;M;463 Bay Hill
367;Prinz;Priddy;375932299-9;1955-05-19;ppriddya6@slashdot.org;M;2 Sauthoff Way
368;Sam;Fadian;998816155-7;2002-06-18;sfadiana7@go.com;F;90169 Annamark Point
369;Hughie;Dallmann;411804113-8;1996-04-17;hdallmanna8@cam.ac.uk;M;04 Sauthoff Crossing
370;Hagan;Devanney;940362049-8;1995-07-22;hdevanneya9@shareasale.com;M;17 Hermina Road
371;Lynn;Bonney;227082541-1;1960-06-05;lbonneyaa@state.gov;M;0016 Bartelt Center
372;Eada;Crat;133408535-8;1970-08-20;ecratab@moonfruit.com;F;9087 Carey Parkway
373;Terri-jo;Elleyne;564823669-7;1964-04-20;telleyneac@myspace.com;F;105 Florence Crossing
374;Dunc;Lundbeck;533543987-4;1995-11-03;dlundbeckad@storify.com;M;60770 Bay Alley
375;Gretna;Martinson;369515879-4;1988-11-20;gmartinsonae@hibu.com;F;2863 Debra Terrace
376;Brandy;Biddle;200423402-4;1951-05-20;bbiddleaf@symantec.com;F;92926 Talisman Terrace
377;Herculie;Fairbeard;673332415-6;2001-09-10;hfairbeardag@edublogs.org;M;1967 Cordelia Hill
378;Carny;Anscombe;523436119-5;1994-08-14;canscombeah@surveymonkey.com;M;7 Old Gate Point
379;El;Halifax;603677015-4;1980-10-15;ehalifaxai@stumbleupon.com;M;661 Sachtjen Alley
380;Sunshine;Linforth;169206981-0;1971-01-04;slinforthaj@ovh.net;F;5951 Randy Street
381;Ash;Crowter;410946608-3;1990-01-06;acrowterak@google.fr;M;3863 Westridge Parkway
382;Claude;Fuentez;969438295-5;1950-11-26;cfuentezal@eventbrite.com;F;16 Ludington Parkway
383;Jenilee;Gilstin;591845410-1;2005-04-23;jgilstinam@foxnews.com;F;46072 Moulton Hill
384;Shae;Rimmer;372054731-0;1991-10-09;srimmeran@dailymotion.com;M;47004 Daystar Junction
385;Gun;Broodes;754473534-6;1974-11-15;gbroodesao@sourceforge.net;M;9111 Thackeray Drive
386;Pearle;Reinhart;451244268-5;1969-09-24;preinhartap@prweb.com;F;47 Corben Plaza
387;Maurise;Udie;083405360-8;1955-03-05;mudieaq@angelfire.com;F;323 Barnett Lane
388;Marijn;Inkles;862227534-5;1988-04-22;minklesar@cbslocal.com;M;8457 Talmadge Plaza
389;Issi;Wix;577513552-0;1998-10-23;iwixas@fda.gov;F;13 Tomscot Crossing
390;D'arcy;Sturton;895347786-7;1999-03-02;dsturtonat@instagram.com;M;4 Waubesa Pass
391;Deana;Pitts;201701860-0;1968-05-06;dpittsau@google.com.au;F;15684 David Crossing
392;Jeniffer;Hebden;695037287-6;1997-07-25;jhebdenav@uol.com.br;F;74 Summit Road
393;Nina;Binnie;586950872-X;2003-06-10;nbinnieaw@imdb.com;F;1 Cardinal Junction
394;Brad;Benninck;121189904-7;1980-05-14;bbenninckax@princeton.edu;M;5270 Scott Lane
395;Kassia;Sandland;196557437-8;1997-11-13;ksandlanday@booking.com;F;9 Arizona Pass
396;Elfrieda;Ivons;749853362-6;1984-09-25;eivonsaz@ycombinator.com;F;8 7th Street
397;Peder;Hardstaff;358295989-9;1950-02-24;phardstaffb0@comsenz.com;M;89898 Arizona Park
398;Reggis;Orans;811891594-8;1985-10-06;roransb1@apache.org;M;15472 Dapin Parkway
399;Perle;Payton;124457363-9;1955-12-16;ppaytonb2@nyu.edu;F;43435 Mayer Hill
400;Simona;Grahamslaw;431249984-5;1963-01-03;sgrahamslawb3@pbs.org;F;0011 Sullivan Place
401;Dulcinea;Penreth;737641923-3;1997-12-24;dpenrethb4@shinystat.com;F;04610 Loeprich Circle
402;Abdel;Sayles;576779141-4;1991-12-31;asaylesb5@livejournal.com;M;4 Macpherson Point
403;Grazia;Ivatt;276014852-1;1963-03-18;givattb6@noaa.gov;F;821 Portage Road
404;Lewes;MacKereth;671547838-4;1970-12-24;lmackerethb7@sogou.com;M;0 Golf Crossing
405;Rubina;Alaway;127188663-4;1985-02-28;ralawayb8@mozilla.org;F;3729 Maryland Place
406;Jeannette;Wedderburn;833388553-5;1994-10-03;jwedderburnb9@utexas.edu;F;0913 Schiller Alley
407;Adlai;Burnsall;163976895-5;1975-03-29;aburnsallba@ow.ly;M;8 Beilfuss Road
408;Morris;Tarte;249901448-2;1962-01-12;mtartebb@noaa.gov;M;65593 Gerald Way
409;Isaac;Willbond;409368864-8;1970-10-11;iwillbondbc@1und1.de;M;0 Paget Pass
410;Reggis;Cristoforetti;557678766-8;1964-03-19;rcristoforettibd@loc.gov;M;25894 Texas Hill
411;Lind;Isitt;546039645-X;1999-04-08;lisittbe@spiegel.de;M;68120 Weeping Birch Circle
412;Sharline;McMurthy;962312760-X;1979-12-16;smcmurthybf@w3.org;F;53 Anderson Parkway
413;Baryram;Cuttell;262617502-1;1963-12-24;bcuttellbg@barnesandnoble.com;M;65102 Doe Crossing Pass
414;Dolph;Vasyunkin;904156731-3;1991-01-30;dvasyunkinbh@nasa.gov;M;48219 Schlimgen Parkway
415;Adamo;Roughan;191589070-5;1961-01-17;aroughanbi@oaic.gov.au;M;90027 Miller Place
416;Eran;Staniforth;504186907-3;1992-07-24;estaniforthbj@earthlink.net;F;92 Straubel Pass
417;Robert;Boddice;528835702-1;1991-01-06;rboddicebk@usda.gov;M;8 Meadow Vale Parkway
418;Wye;Daniaud;877507847-3;1980-12-25;wdaniaudbl@people.com.cn;M;8 Old Gate Terrace
419;Muffin;Heel;305946805-2;1981-10-17;mheelbm@ezinearticles.com;M;730 Express Way
420;Gertrud;Sydney;910476597-4;1961-08-27;gsydneybn@over-blog.com;F;14065 Sauthoff Hill
421;Dora;Story;697084835-3;1981-07-02;dstorybo@buzzfeed.com;F;33704 Schmedeman Park
422;Jolie;Grigoryov;720706402-0;2003-06-26;jgrigoryovbp@google.co.jp;F;693 Meadow Ridge Drive
423;Sylvia;McKniely;125627022-9;1983-04-12;smcknielybq@columbia.edu;F;54 Village Green Drive
424;Laurella;Rudolph;959544451-0;1965-07-09;lrudolphbr@comsenz.com;F;775 Kinsman Hill
425;Cele;Marwood;734229320-2;1982-03-05;cmarwoodbs@jugem.jp;F;067 Bartillon Circle
426;Boyd;Tebbit;868451613-3;1968-03-23;btebbitbt@de.vu;M;3 Badeau Point
427;Mikol;Munnery;003475785-6;1973-09-26;mmunnerybu@fda.gov;M;070 Hanson Park
428;Allyce;Melpuss;424482210-0;1968-08-14;amelpussbv@ezinearticles.com;F;160 Declaration Parkway
429;Gus;Crimp;062463178-8;1954-02-21;gcrimpbw@blogger.com;M;4 Dryden Street
430;Robena;Drakes;197518545-5;1985-11-05;rdrakesbx@slashdot.org;F;788 Grim Crossing
431;Reuven;Messier;887887002-1;1967-12-17;rmessierby@mac.com;M;427 Drewry Drive
432;Andres;Barton;776053375-6;1955-10-29;abartonbz@ebay.com;M;7334 Rusk Terrace
433;Leroy;Tabour;698845719-4;1950-11-10;ltabourc0@freewebs.com;M;94272 Hudson Alley
434;Khalil;Antonioni;406176600-7;1988-10-16;kantonionic1@thetimes.co.uk;M;8 Mccormick Park
435;Charlotta;Corkan;737909153-0;1976-09-02;ccorkanc2@earthlink.net;F;4 Northwestern Junction
436;Vincenty;Sally;416032047-3;1993-10-03;vsallyc3@vkontakte.ru;M;30 Crest Line Place
437;Shannon;Kieff;262650651-6;1966-09-14;skieffc4@npr.org;M;60 Cascade Trail
438;Cristian;Tarling;734154390-6;1998-07-14;ctarlingc5@sohu.com;M;383 Grasskamp Point
439;Olwen;Cadamy;305542469-7;1966-10-09;ocadamyc6@seattletimes.com;F;08 Warbler Court
440;Ingelbert;Inott;155457864-7;1977-07-02;iinottc7@blogtalkradio.com;M;2 Knutson Park
441;Emile;Ochterlony;449299079-8;1985-06-20;eochterlonyc8@sbwire.com;M;30557 Gerald Street
442;Carter;Ellis;832185918-6;1966-07-04;cellisc9@yahoo.com;M;481 Hermina Drive
443;Jillie;Nutbrown;520824765-8;2001-03-05;jnutbrownca@flavors.me;F;878 Hansons Way
444;Esteban;Zecchii;401479241-2;1989-08-04;ezecchiicb@flickr.com;M;53 Artisan Parkway
445;Karil;Marcham;388029188-8;1979-07-22;kmarchamcc@goodreads.com;F;65306 Golden Leaf Circle
446;Jarad;McKerlie;707756045-7;1955-04-14;jmckerliecd@stanford.edu;M;7 Waubesa Alley
447;Edward;Raycroft;722725195-0;1978-09-14;eraycroftce@bloomberg.com;M;2 Lakeland Avenue
448;Pris;Ivanshintsev;081334014-4;1970-09-12;pivanshintsevcf@epa.gov;F;0648 Blackbird Terrace
449;Milena;Windybank;007601323-5;1965-05-23;mwindybankcg@icio.us;F;7090 Rieder Way
450;Jarvis;Edmundson;665230924-6;1980-12-06;jedmundsonch@netvibes.com;M;99 Namekagon Drive
451;Melesa;Hatry;297549782-2;1981-07-17;mhatryci@goo.gl;F;94187 Pond Trail
452;Beauregard;McCaskill;408965806-3;1966-02-17;bmccaskillcj@accuweather.com;M;701 Hanson Crossing
453;Yanaton;Langley;892290770-3;2003-02-16;ylangleyck@nytimes.com;M;78353 Ohio Drive
454;Dawna;McCaskill;836145730-5;1975-05-09;dmccaskillcl@sakura.ne.jp;F;619 Saint Paul Avenue
455;Winnie;Tebbut;160486666-7;1992-04-17;wtebbutcm@cisco.com;F;59 Hudson Circle
456;Leelah;Ortmann;772548392-6;2001-09-26;lortmanncn@imgur.com;F;154 Continental Circle
457;Hestia;Cosens;621297598-1;1971-06-10;hcosensco@ucsd.edu;F;21 Milwaukee Drive
458;Kirby;Manclark;164899383-4;1984-12-18;kmanclarkcp@pbs.org;F;6 Holmberg Court
459;Liana;Mylechreest;466873061-0;1965-04-30;lmylechreestcq@mashable.com;F;5 Vermont Place
460;Marjie;Munks;737668790-4;1953-06-03;mmunkscr@nasa.gov;F;61795 Myrtle Crossing
461;Stinky;O'Henecan;082287933-6;1997-10-20;sohenecancs@google.cn;M;41440 Lakeland Terrace
462;Galvin;Colliss;404174402-4;1968-03-07;gcollissct@amazon.co.uk;M;090 Southridge Hill
463;Gustav;Rosen;817616920-X;1962-02-02;grosencu@devhub.com;M;287 Arizona Drive
464;Etheline;Spurrior;307744184-5;2000-11-23;espurriorcv@netscape.com;F;98759 Goodland Pass
465;Eldredge;Pittwood;132679135-4;1998-05-04;epittwoodcw@cmu.edu;M;091 Homewood Point
466;Kissiah;Brookz;289980752-8;1972-01-18;kbrookzcx@independent.co.uk;F;6 West Center
467;Prentiss;Sprosson;536632563-3;2002-12-07;psprossoncy@clickbank.net;M;62322 Canary Center
468;Rancell;Harcus;336076732-2;1989-10-11;rharcuscz@discovery.com;M;9 Lakewood Gardens Way
469;Alvin;Barnaclough;715893329-6;1997-05-08;abarnacloughd0@eepurl.com;M;46382 Mendota Hill
470;Torrence;Muslim;853160780-9;1982-01-04;tmuslimd1@engadget.com;M;79 Nobel Center
471;Cherye;Kurten;668369038-3;2001-01-21;ckurtend2@ucsd.edu;F;8 Melody Drive
472;Vida;Manville;913614734-6;1950-12-20;vmanvilled3@time.com;F;93370 Cottonwood Plaza
473;Christos;Ungerer;528454395-5;1971-08-31;cungererd4@indiatimes.com;M;9404 Anzinger Place
474;Tami;Reeme;394392421-1;1986-02-03;treemed5@weather.com;F;2 Delaware Pass
475;Diane-marie;Rabbage;470087330-2;1979-02-11;drabbaged6@domainmarket.com;F;43572 Vera Point
476;Heath;Mearns;641867190-2;1970-06-09;hmearnsd7@npr.org;M;86063 Declaration Pass
477;Lana;Dyble;713885691-1;1994-06-30;ldybled8@rakuten.co.jp;F;846 Lake View Hill
478;Gray;Clewer;674610581-4;1978-03-01;gclewerd9@1688.com;F;2748 Moose Circle
479;Germain;Mundy;549232440-3;1991-05-18;gmundyda@msn.com;M;2062 Dahle Court
480;Mignonne;Horrigan;860197603-4;2003-09-22;mhorrigandb@mayoclinic.com;F;7901 Fremont Plaza
481;Karilynn;Mandrake;913880187-6;1981-06-07;kmandrakedc@wp.com;F;915 Gulseth Pass
482;Bradan;Scutter;942315459-X;1958-09-30;bscutterdd@hubpages.com;M;6067 Aberg Pass
483;Carolyne;Mitchiner;574640310-5;1987-10-29;cmitchinerde@geocities.jp;F;50 Barnett Street
484;Floyd;Crabb;463379672-0;1969-06-26;fcrabbdf@ning.com;M;4284 Hoffman Parkway
485;Dallon;Farmery;953600722-3;1961-08-14;dfarmerydg@bloomberg.com;M;8346 Raven Alley
486;Ives;Tissell;883806608-6;1957-06-05;itisselldh@com.com;M;095 Bellgrove Park
487;Casandra;Churches;018675014-5;1967-06-30;cchurchesdi@umn.edu;F;997 Corscot Hill
488;Viola;Youings;357316638-5;1972-05-20;vyouingsdj@senate.gov;F;1904 Oxford Lane
489;Leonie;Renzo;768276669-7;1952-06-30;lrenzodk@mozilla.com;F;77 Eastlawn Center
490;Janeczka;Thrush;065629859-6;1992-03-25;jthrushdl@smugmug.com;F;4927 Ridgeway Court
491;Rodney;Camellini;251479855-8;1973-06-21;rcamellinidm@auda.org.au;M;1 Ilene Street
492;Cord;Glyssanne;754018707-7;1994-06-30;cglyssannedn@dot.gov;M;395 Badeau Point
493;Elset;Coppledike;116704131-3;1962-12-13;ecoppledikedo@bizjournals.com;F;17 Fairfield Crossing
494;Darbee;Dunniom;654812742-0;1960-01-23;ddunniomdp@about.com;M;3493 Rusk Pass
495;Seymour;Connal;610182841-7;1989-11-28;sconnaldq@amazon.co.uk;M;69 East Road
496;Isaiah;Skelly;582894713-3;1960-03-09;iskellydr@home.pl;M;53179 Beilfuss Place
497;Phylis;Fairholm;698977759-1;1960-02-24;pfairholmds@joomla.org;F;6603 Vermont Circle
498;Tyrus;Oldred;379951665-4;1963-10-19;toldreddt@taobao.com;M;9689 Chinook Avenue
499;Naomi;Kearn;492904198-8;1996-04-20;nkearndu@wired.com;F;1464 Mosinee Terrace
500;Andriana;Snadden;444313563-4;1951-02-05;asnaddendv@usgs.gov;F;5295 Monica Hill
501;Cecilius;Grennan;733071765-7;1952-05-31;cgrennandw@chronoengine.com;M;0 Lukken Drive
502;Frankie;Goslin;129835030-1;1953-04-22;fgoslindx@zimbio.com;F;504 Claremont Point
503;Adrian;Dewan;149076592-1;1979-09-26;adewandy@about.me;F;85748 Mallard Lane
504;Rebeka;Gaine of England;224306982-2;1998-02-25;rgaineofenglanddz@plala.or.jp;F;6 Corry Way
505;Jose;April;907984956-1;2004-02-26;japrile0@friendfeed.com;M;19 Rutledge Street
506;Prentice;Reah;064727539-2;1973-04-01;preahe1@ocn.ne.jp;M;755 Brickson Park Way
507;Tammara;Betun;438120124-8;1957-05-10;tbetune2@jalbum.net;F;42 Tennyson Crossing
508;Kiersten;Wattinham;403393108-2;1991-12-30;kwattinhame3@creativecommons.org;F;52295 Tomscot Pass
509;Yehudit;Colnett;271123913-6;1952-12-14;ycolnette4@microsoft.com;M;04 Old Gate Alley
510;Cad;McShea;565735742-6;1981-12-05;cmcsheae5@liveinternet.ru;M;74311 Butterfield Drive
511;Rozella;Vockings;308742848-5;1960-04-20;rvockingse6@domainmarket.com;F;0992 Sundown Lane
512;Emily;Redsull;936703884-4;1954-09-20;eredsulle7@ycombinator.com;F;7935 Surrey Crossing
513;Clo;Ferrone;761515290-9;1960-03-20;cferronee8@creativecommons.org;F;18436 Crownhardt Junction
514;Lynelle;Gruszecki;796971907-4;1963-06-02;lgruszeckie9@posterous.com;F;824 Westridge Avenue
515;Grissel;Hriinchenko;263825505-X;1952-01-18;ghriinchenkoea@chronoengine.com;F;978 Spaight Court
516;Aloysia;Philippe;029631672-5;1983-01-18;aphilippeeb@google.co.jp;F;98658 Sheridan Drive
517;Raoul;Maffi;425035197-1;2001-02-13;rmaffiec@fc2.com;M;70615 Beilfuss Court
518;Nikita;Poundsford;717988566-5;1967-02-09;npoundsforded@amazonaws.com;M;764 Express Road
519;Penny;McGookin;752410933-4;1989-08-06;pmcgookinee@usatoday.com;F;543 Moulton Drive
520;Gunar;Grover;314032991-1;1990-05-29;ggroveref@mtv.com;M;5630 Marquette Street
521;Lida;Gleeton;461771654-8;1998-06-05;lgleetoneg@wikimedia.org;F;0696 Macpherson Drive
522;Spencer;M'Chirrie;449581152-5;1970-05-01;smchirrieeh@vistaprint.com;M;70032 Debra Junction
523;Valentino;Caseley;202210871-X;1993-05-27;vcaseleyei@sohu.com;M;58611 Mendota Way
524;Cristiano;Maass;680785897-3;1967-05-11;cmaassej@qq.com;M;53 Red Cloud Terrace
525;Brigida;Dootson;393089235-9;1998-08-27;bdootsonek@foxnews.com;F;7548 Monument Crossing
526;Minnnie;Ox;162215674-9;1991-01-10;moxel@163.com;F;49507 Monument Point
527;Heidie;Brotherheed;263447848-8;1957-10-20;hbrotherheedem@timesonline.co.uk;F;00836 Lawn Circle
528;Casper;Farnan;303116744-9;2005-04-06;cfarnanen@cnn.com;M;6 Kings Road
529;Holli;Keeltagh;664294647-2;1994-02-16;hkeeltagheo@goo.gl;F;94335 Burrows Park
530;Chicky;Allin;585981348-1;1957-08-13;callinep@bbb.org;M;54417 Mifflin Way
531;Aubree;Hanburry;932908159-2;1966-09-27;ahanburryeq@cornell.edu;F;9 Mendota Street
532;Davon;Mintoft;800661066-5;1975-02-27;dmintofter@topsy.com;M;7 Algoma Street
533;Blancha;Vlach;825832722-4;1990-05-05;bvlaches@apache.org;F;52694 Kensington Way
534;Elicia;Maymond;842923899-9;1982-01-22;emaymondet@scientificamerican.com;F;9 Moland Terrace
535;Giffer;Yashunin;691334545-3;1953-09-17;gyashunineu@amazon.com;M;5908 North Parkway
536;Ashley;Borthram;638130679-3;1951-05-06;aborthramev@wufoo.com;M;83919 Transport Alley
537;Granthem;Stych;779418251-4;1967-01-05;gstychew@abc.net.au;M;811 Lakewood Lane
538;Jemima;Joinsey;633945802-5;1994-07-23;jjoinseyex@yahoo.com;F;174 Fairfield Place
539;Kirbee;Canavan;605306100-X;1968-05-13;kcanavaney@studiopress.com;F;33 Vermont Terrace
540;Ludwig;Pretley;438117282-5;1963-05-31;lpretleyez@tmall.com;M;469 Straubel Way
541;Jelene;Clute;713649195-9;2004-04-30;jclutef0@prlog.org;F;0379 Donald Lane
542;Erik;Maylour;222715497-7;1958-11-30;emaylourf1@ucla.edu;M;399 Waxwing Place
543;Clim;Graeme;394837437-6;1974-01-10;cgraemef2@businesswire.com;M;108 Walton Center
544;Laureen;Jedrysik;982459736-0;1957-10-28;ljedrysikf3@chicagotribune.com;F;1917 Haas Alley
545;Margret;Bauduin;979554781-X;1963-11-11;mbauduinf4@bbb.org;F;5 Arapahoe Lane
546;Reyna;Caldwell;715205381-2;1952-01-03;rcaldwellf5@dailymotion.com;F;596 Lien Road
547;Nikos;Greenstead;801354560-1;1957-05-15;ngreensteadf6@t-online.de;M;7 Sunbrook Alley
548;Gerta;Langhorne;941817265-8;2005-09-30;glanghornef7@ucsd.edu;F;824 Packers Avenue
549;Gabey;Schapiro;661768594-6;1976-05-31;gschapirof8@nih.gov;F;90 Autumn Leaf Plaza
550;Camille;Keneleyside;226208506-4;1984-08-23;ckeneleysidef9@soundcloud.com;F;7339 Canary Lane
551;Noemi;MacFie;659770810-5;1976-08-31;nmacfiefa@t-online.de;F;934 High Crossing Junction
552;Thacher;Idill;080213928-0;1982-08-03;tidillfb@multiply.com;M;5776 Barby Avenue
553;Shellysheldon;Langworthy;374470868-3;1955-09-16;slangworthyfc@bloglines.com;M;57888 Pepper Wood Alley
554;Charleen;Kulas;898104890-8;1994-02-15;ckulasfd@engadget.com;F;6 Southridge Avenue
555;Mitchell;Poncet;000427178-5;1980-11-27;mponcetfe@hao123.com;M;8783 Surrey Way
556;Tova;Arblaster;688098485-1;1993-07-04;tarblasterff@qq.com;F;6 Ridgeview Terrace
557;Adelice;Josiah;843872315-2;1959-09-16;ajosiahfg@berkeley.edu;F;93858 Dryden Center
558;Garth;Swiffin;043394757-8;1957-03-15;gswiffinfh@booking.com;M;51 6th Hill
559;Colby;Ambrodi;948925010-4;1968-12-28;cambrodifi@dagondesign.com;M;27 Sachs Point
560;Sax;Tiptaft;989044183-7;1988-11-05;stiptaftfj@biblegateway.com;M;90 Talisman Court
561;Raphael;Eadmeades;516124567-0;1974-10-13;readmeadesfk@businessinsider.com;M;211 Arapahoe Way
562;Jordain;Dubique;263206770-7;1993-11-26;jdubiquefl@desdev.cn;F;1084 Village Green Center
563;Khalil;Mulqueen;139416374-6;1961-02-04;kmulqueenfm@yahoo.co.jp;M;267 Macpherson Drive
564;Barbie;McWhin;043301233-1;1967-11-28;bmcwhinfn@freewebs.com;F;6187 Prairieview Circle
565;Ferdie;Beavington;761381131-X;1959-02-26;fbeavingtonfo@tmall.com;M;7 Glendale Plaza
566;Cully;Boydle;878934383-2;1990-06-17;cboydlefp@google.es;M;70 Veith Way
567;Kiah;Finicj;090091555-2;1959-12-18;kfinicjfq@cnbc.com;F;228 Elmside Circle
568;Legra;Jadczak;340794724-0;1953-08-05;ljadczakfr@seesaa.net;F;0333 Kipling Terrace
569;Andree;Kibble;476437322-X;1971-05-23;akibblefs@gizmodo.com;F;396 Grim Trail
570;Benedicta;Saylor;930137196-0;1975-12-18;bsaylorft@oracle.com;F;42 Atwood Park
571;Burt;Cruise;475093172-1;1987-07-25;bcruisefu@mayoclinic.com;M;3 Sommers Pass
572;Isidoro;Greenhouse;668096194-7;1982-04-12;igreenhousefv@whitehouse.gov;M;6 John Wall Place
573;Jakob;Tudball;872988764-X;1953-02-14;jtudballfw@privacy.gov.au;M;99 Hermina Lane
574;Wells;Drewell;344978411-0;1989-04-20;wdrewellfx@accuweather.com;M;15626 Logan Crossing
575;Chrissie;Medcalfe;629030295-7;1980-04-25;cmedcalfefy@tumblr.com;F;25 Harper Street
576;Silvio;Scolland;720301560-2;1974-07-23;sscollandfz@trellian.com;M;29 Dixon Street
577;Hurleigh;Brearton;821970019-X;1981-06-12;hbreartong0@blogger.com;M;609 Sunfield Parkway
578;Eryn;Sidgwick;738036193-7;1967-02-18;esidgwickg1@answers.com;F;7359 Westridge Plaza
579;Tyrus;Steade;895478471-2;1997-04-13;tsteadeg2@xrea.com;M;6065 Corry Trail
580;Bruno;Godfray;484337048-7;2001-01-15;bgodfrayg3@blinklist.com;M;9 Golf View Hill
581;Trescha;Mixture;467123721-0;1971-08-12;tmixtureg4@opera.com;F;40240 Oak Road
582;Mateo;Treen;752048097-6;1971-12-03;mtreeng5@dropbox.com;M;99684 Rigney Lane
583;Lane;Richen;272146915-0;1978-11-04;lricheng6@yolasite.com;M;872 Kim Place
584;Karia;Pales;762815910-9;2003-10-11;kpalesg7@hibu.com;F;73 Bonner Park
585;Lucien;Bremmell;757288625-6;1978-09-01;lbremmellg8@virginia.edu;M;4 Sheridan Drive
586;Innis;Dufore;217651961-2;1998-10-10;iduforeg9@cbc.ca;M;01604 John Wall Lane
587;Davin;Blacker;334612672-2;1996-11-01;dblackerga@un.org;M;296 Bashford Center
588;Domini;Bertelsen;195227409-5;1999-09-24;dbertelsengb@mapquest.com;F;2480 Dakota Terrace
589;Felic;Moreing;581088832-1;1969-02-07;fmoreinggc@desdev.cn;M;1 Nelson Way
590;Dirk;Speed;271480967-7;1982-09-06;dspeedgd@squarespace.com;M;7 Farmco Crossing
591;Dew;Girdwood;275852463-5;1994-07-27;dgirdwoodge@wikimedia.org;M;95 Heath Point
592;Zollie;Parrett;522323869-9;1965-03-14;zparrettgf@g.co;M;8628 Clove Plaza
593;Panchito;Ricker;782867573-9;1996-06-21;prickergg@mac.com;M;08021 Sheridan Alley
594;Teirtza;Sivyour;226377475-0;1957-01-25;tsivyourgh@infoseek.co.jp;F;093 Kensington Court
595;Kalil;Irnis;806590923-X;1967-06-09;kirnisgi@plala.or.jp;M;6 Moose Road
596;Israel;Pye;603394481-X;1960-01-05;ipyegj@hao123.com;M;55302 Carpenter Junction
597;Bruno;Mourgue;847277090-7;2001-03-17;bmourguegk@gov.uk;M;9647 Petterle Crossing
598;Lisette;Dagnall;332624786-9;1981-05-07;ldagnallgl@purevolume.com;F;455 Golf Center
599;Blake;Kuhle;045946731-X;1986-07-30;bkuhlegm@marriott.com;M;5 Northridge Parkway
600;Edik;Deely;859911127-2;1950-11-25;edeelygn@ameblo.jp;M;676 Delladonna Lane
601;Kristos;Tooker;621733982-X;1980-11-08;ktookergo@amazon.com;M;91 Wayridge Park
602;Vittorio;Brumpton;283389335-3;1995-04-11;vbrumptongp@nymag.com;M;2596 Fisk Junction
603;Chastity;Meak;048729735-0;1957-09-21;cmeakgq@desdev.cn;F;33 Corben Plaza
604;Dannye;Block;958157690-8;1993-03-07;dblockgr@squarespace.com;F;46745 Fieldstone Alley
605;Thibaud;Rimer;238500481-X;1961-10-07;trimergs@dailymail.co.uk;M;94968 Gateway Pass
606;Hulda;Akhurst;651460096-4;1952-11-06;hakhurstgt@t-online.de;F;25 Union Street
607;Gerardo;Frean;839133269-1;1952-05-04;gfreangu@nymag.com;M;42 Little Fleur Park
608;Davide;Lehrian;350552171-X;2005-07-21;dlehriangv@harvard.edu;M;30 Ridge Oak Park
609;Bayard;Camblin;328405683-1;1965-11-18;bcamblingw@prlog.org;M;7 Kipling Alley
610;Maxie;Pocock;013062007-6;1986-05-01;mpocockgx@businesswire.com;F;21331 Summit Alley
611;Danila;Kolodziejski;031910303-X;1980-01-30;dkolodziejskigy@bizjournals.com;F;9 Bartelt Place
612;Avery;Cisec;201288537-3;1957-05-18;acisecgz@utexas.edu;M;69 Emmet Road
613;Gertrudis;Kiraly;601800097-0;1994-03-23;gkiralyh0@salon.com;F;6625 Helena Court
614;Fianna;Soots;530763665-2;2002-06-18;fsootsh1@mapquest.com;F;397 Algoma Terrace
615;Douglas;Parmenter;166887540-3;1995-02-09;dparmenterh2@youtu.be;M;108 Milwaukee Circle
616;Elsi;Rennie;108288351-4;1978-02-12;erennieh3@networkadvertising.org;F;2531 Rutledge Point
617;Bianca;Valenti;318952382-7;1958-11-22;bvalentih4@ycombinator.com;F;527 Brickson Park Court
618;Allayne;Linnock;676491418-4;1989-11-13;alinnockh5@webeden.co.uk;M;2 Buhler Park
619;Pincas;Emblow;615753710-8;1965-04-29;pemblowh6@friendfeed.com;M;3505 Merrick Pass
620;Garey;Braine;633739655-3;1962-12-30;gbraineh7@blogger.com;M;7 Lakewood Avenue
621;Lalo;Iacovino;395597173-2;1985-09-13;liacovinoh8@walmart.com;M;8396 Mayer Parkway
622;Sterling;Costerd;834647362-1;1982-05-20;scosterdh9@pagesperso-orange.fr;M;01982 Cordelia Park
623;Marlane;Bartholomew;587828048-5;1985-04-01;mbartholomewha@artisteer.com;F;468 Warner Park
624;Chiquita;Ather;781522556-X;1977-06-13;catherhb@cloudflare.com;F;62360 Bowman Terrace
625;Agatha;Berardt;605057243-7;1957-10-19;aberardthc@ft.com;F;95 Bellgrove Junction
626;Penelopa;Schmuhl;128794528-7;1976-06-25;pschmuhlhd@a8.net;F;97 Fordem Court
627;Mariam;Senten;087929644-5;2005-12-21;msentenhe@mtv.com;F;97 Mcguire Way
628;Michal;Scapens;505257920-9;1981-09-06;mscapenshf@parallels.com;M;6323 Glendale Way
629;Teddie;Mettetal;855936159-6;1983-05-14;tmettetalhg@answers.com;M;33 Westerfield Avenue
630;Kerr;Godsal;128470872-1;1969-10-09;kgodsalhh@seesaa.net;M;615 Center Drive
631;Alidia;Merritt;403752779-0;1966-02-20;amerritthi@uiuc.edu;F;5326 Hansons Plaza
632;Baxter;Hungerford;578858433-7;1974-04-18;bhungerfordhj@blogspot.com;M;15249 Anzinger Hill
633;Marlow;Hyslop;342191434-6;1968-04-21;mhyslophk@t-online.de;M;6512 Macpherson Junction
634;Marchall;Merle;339766913-8;2005-06-03;mmerlehl@statcounter.com;M;3 Comanche Avenue
635;Maribel;Turnell;523024408-9;1999-09-05;mturnellhm@altervista.org;F;51 Linden Center
636;Kellen;Mebes;601748404-4;2005-09-23;kmebeshn@digg.com;M;49 Lyons Street
637;Ruthanne;Whiteland;413267631-5;1965-04-24;rwhitelandho@google.fr;F;14 Mosinee Court
638;Leoine;D'Alessio;756982080-0;1972-05-09;ldalessiohp@loc.gov;F;5 Susan Street
639;Chantal;Kears;494217382-5;1969-05-06;ckearshq@gmpg.org;F;270 Jenifer Circle
640;Hilario;Kirrage;317311440-X;1978-08-26;hkirragehr@tamu.edu;M;60396 Welch Center
641;Mirabel;Figurski;868891846-5;1973-09-30;mfigurskihs@chicagotribune.com;F;7 Kenwood Pass
642;Karl;Petersen;994394741-1;1963-11-09;kpetersenht@toplist.cz;M;26677 Pankratz Center
643;Nicola;Treven;009414029-4;1958-04-14;ntrevenhu@infoseek.co.jp;M;27 Sommers Alley
644;Pauli;Akitt;273936526-8;2001-06-26;pakitthv@fc2.com;F;176 8th Lane
645;Bethena;Ivanichev;993741315-X;1986-02-21;bivanichevhw@si.edu;F;0 Myrtle Terrace
646;Hadleigh;Cosley;397335413-8;2003-11-21;hcosleyhx@woothemes.com;M;34 Bluejay Court
647;Ron;Blaszczak;765824101-6;1999-02-09;rblaszczakhy@netlog.com;M;76 Annamark Hill
648;Lucian;Ambrozewicz;370029492-1;1989-09-25;lambrozewiczhz@123-reg.co.uk;M;1752 Fremont Drive
649;Tansy;Le Quesne;674899861-1;1957-12-10;tlequesnei0@washington.edu;F;269 Service Street
650;Barb;Tessier;151228584-6;1950-11-03;btessieri1@yellowbook.com;F;57 Utah Avenue
651;Marcella;Aiton;185907759-5;1960-10-26;maitoni2@google.pl;F;04 Westerfield Lane
652;Waldo;Philippon;048231273-4;1976-07-25;wphilipponi3@google.ca;M;0 Hayes Lane
653;Yorgo;Klesel;388020733-X;1966-04-02;ykleseli4@washington.edu;M;685 Judy Avenue
654;Renado;Trustey;040124846-1;1982-05-13;rtrusteyi5@amazon.de;M;830 Pearson Alley
655;Dory;Harlowe;352323927-3;2005-02-05;dharlowei6@unicef.org;F;6 Shasta Avenue
656;Ruddie;Rodrigues;368471249-3;1971-01-22;rrodriguesi7@flavors.me;M;802 Lighthouse Bay Circle
657;Robyn;Elks;179914031-8;1982-12-30;relksi8@cnet.com;F;0210 Caliangt Lane
658;Maxim;Poytheras;280715464-6;1998-03-28;mpoytherasi9@tripod.com;M;430 Buena Vista Point
659;Josie;Beeby;227211962-X;1976-10-25;jbeebyia@mlb.com;F;8 Kennedy Point
660;Austen;Brunelli;021791056-4;1962-02-04;abrunelliib@t.co;M;75 Center Road
661;Tomi;Muncaster;286285196-5;1996-03-09;tmuncasteric@bbc.co.uk;F;2 Tennessee Pass
662;Emilie;Tessier;463940418-2;1952-04-14;etessierid@booking.com;F;3 6th Plaza
663;Barnard;Halpeine;996783667-9;1974-08-21;bhalpeineie@mayoclinic.com;M;16096 Bay Junction
664;Hans;Brandone;565422160-4;1982-12-16;hbrandoneif@hud.gov;M;16 Dawn Place
665;Uriel;Pilkinton;095365182-7;1968-11-30;upilkintonig@sitemeter.com;M;840 Rutledge Pass
666;Tildi;McArd;146149938-0;1999-11-04;tmcardih@opera.com;F;3325 Buell Plaza
667;Charlena;Matonin;111271635-1;1956-10-27;cmatoninii@digg.com;F;03918 Division Place
668;Estevan;Morforth;571739435-7;1965-12-06;emorforthij@unc.edu;M;15176 American Ash Pass
669;Derrick;Sayburn;319110714-2;1978-03-19;dsayburnik@narod.ru;M;2884 Luster Circle
670;Vic;Sommerlin;232026314-4;1977-05-31;vsommerlinil@odnoklassniki.ru;M;12830 Prairieview Way
671;Victoir;Dugood;823615120-4;1986-08-08;vdugoodim@blogspot.com;M;64050 Sommers Parkway
672;Tricia;Tebbitt;696352647-8;1967-07-24;ttebbittin@cargocollective.com;F;36 Dwight Parkway
673;Maurine;Vondruska;142244099-0;1994-06-13;mvondruskaio@elpais.com;F;87465 Hermina Way
674;Fred;Stephen;583077290-6;1968-03-08;fstephenip@jugem.jp;F;62800 Hayes Parkway
675;Ralf;Neighbour;246896396-2;1996-06-11;rneighbouriq@columbia.edu;M;2787 Valley Edge Place
676;Townsend;Fidler;971981489-6;1959-08-07;tfidlerir@lycos.com;M;76 Stang Parkway
677;Osborne;Cadle;357116829-1;2005-10-19;ocadleis@buzzfeed.com;M;40 Sloan Crossing
678;Marietta;Titterell;030516220-9;1976-10-05;mtitterellit@virginia.edu;M;02 Hollow Ridge Court
679;Rey;MacCulloch;149831320-5;1983-08-02;rmaccullochiu@plala.or.jp;M;06 Reindahl Junction
680;Jefferey;Betterton;091631557-6;1962-08-10;jbettertoniv@tamu.edu;M;245 Magdeline Avenue
681;Kenon;Dehn;636884417-5;1980-08-29;kdehniw@jimdo.com;M;33924 Manufacturers Trail
682;Gertrudis;Dailey;500952079-6;1990-04-10;gdaileyix@dailymotion.com;F;106 Ruskin Trail
683;Fayre;Instrell;543408674-0;1962-06-19;finstrelliy@ycombinator.com;F;12615 Mendota Way
684;Frasquito;Meekins;271969682-X;1994-01-21;fmeekinsiz@naver.com;M;0 Memorial Road
685;Lek;Ellesmere;672579729-6;1993-10-02;lellesmerej0@apple.com;M;37 7th Circle
686;Merle;Laffling;233252341-3;1951-07-27;mlafflingj1@google.de;M;17 West Plaza
687;Anneliese;Cannicott;563885638-2;1956-09-04;acannicottj2@nhs.uk;F;07 Mccormick Avenue
688;Sherwynd;Gibbs;699454321-8;1966-07-27;sgibbsj3@yandex.ru;M;094 Pawling Center
689;Saloma;Saltmarshe;986236532-3;1978-03-02;ssaltmarshej4@europa.eu;F;9823 Declaration Place
690;Ed;Benneton;934905145-1;1962-10-04;ebennetonj5@nature.com;M;11 Southridge Circle
691;Kirbie;Caldwall;316625926-0;2003-03-11;kcaldwallj6@jiathis.com;F;2996 Shopko Avenue
692;Rachel;Rake;748283413-3;1977-07-30;rrakej7@etsy.com;F;03334 Morningstar Crossing
693;Esdras;Miners;469487843-3;1976-04-05;eminersj8@foxnews.com;M;86 Claremont Hill
694;Desiri;Buttel;888571559-1;1953-12-24;dbuttelj9@liveinternet.ru;F;1810 Oakridge Park
695;Craggie;Heigho;096404972-4;1952-03-14;cheighoja@gmpg.org;M;657 Comanche Pass
696;Jeromy;Hissett;370899302-0;1982-09-21;jhissettjb@nhs.uk;M;168 Declaration Place
697;Terrell;Wager;460192351-4;1951-12-21;twagerjc@netvibes.com;M;75080 Debra Park
698;Lauree;Allison;555284055-0;1961-12-25;lallisonjd@bravesites.com;F;4523 Talisman Park
699;Say;Weddeburn;068565922-4;1994-05-15;sweddeburnje@chron.com;M;2988 Kinsman Junction
700;Kippar;Lille;287118093-8;2004-04-12;klillejf@nyu.edu;M;046 Thackeray Pass
701;Charmain;Niesing;632724638-9;2003-08-28;cniesingjg@toplist.cz;F;35273 Dunning Court
702;Michele;Snowball;990405474-6;1959-03-05;msnowballjh@timesonline.co.uk;M;600 Sunnyside Alley
703;Lauritz;Rigby;872187212-0;1988-05-27;lrigbyji@wired.com;M;3003 Stone Corner Terrace
704;Kinnie;Arrighi;100304716-5;1955-04-04;karrighijj@cmu.edu;M;80 Buell Way
705;Katya;Stockle;091840016-3;1972-10-06;kstocklejk@ed.gov;F;49 Springs Crossing
706;Farrand;Raffles;747063575-0;2001-05-21;frafflesjl@mapquest.com;F;7683 Prairie Rose Court
707;Ingra;Eric;430904233-3;1988-12-21;iericjm@wordpress.org;M;15245 Redwing Place
708;Ivar;McWhinnie;564486582-7;1965-01-07;imcwhinniejn@kickstarter.com;M;6782 Lunder Court
709;Joan;Ifill;109983206-3;1998-08-09;jifilljo@loc.gov;F;0 Oak Street
710;Raddy;Piris;131293472-7;1992-01-25;rpirisjp@businesswire.com;M;44 Iowa Drive
711;Tadeas;Dolan;220720127-9;1999-08-24;tdolanjq@marketwatch.com;M;7 Buena Vista Center
712;Linette;Maddern;859910118-8;1969-12-18;lmaddernjr@chronoengine.com;F;007 Columbus Way
713;Evania;Ravenhill;461115347-9;1957-01-30;eravenhilljs@g.co;F;9 Carey Center
714;Wayne;Eckersall;320708339-0;1988-02-07;weckersalljt@omniture.com;M;13 Little Fleur Lane
715;Ollie;Joel;329248681-5;1995-09-20;ojoelju@umn.edu;F;649 Northridge Avenue
716;Dahlia;Poller;103779853-8;1982-02-16;dpollerjv@gmpg.org;F;612 Westend Park
717;Erek;Parsell;796573166-5;1967-12-30;eparselljw@mtv.com;M;2 Vermont Park
718;Troy;Gostling;015990216-9;1983-01-22;tgostlingjx@yahoo.com;M;053 Anhalt Street
719;Alex;Pochet;637754091-4;2003-01-07;apochetjy@gravatar.com;M;4299 Russell Terrace
720;Gerrilee;Livard;546127083-2;1961-07-16;glivardjz@taobao.com;F;566 Anzinger Avenue
721;Moritz;Brittles;628270660-2;1977-11-06;mbrittlesk0@acquirethisname.com;M;22122 Debra Alley
722;Meriel;Collidge;208806871-6;1952-03-02;mcollidgek1@google.it;F;3 Spenser Park
723;Blondelle;Craig;555415626-6;1951-06-19;bcraigk2@twitpic.com;F;39 Becker Street
724;Erny;Genders;492187123-X;1995-06-22;egendersk3@google.nl;M;52143 Dryden Pass
725;Caroljean;Cruwys;813009497-5;1961-09-19;ccruwysk4@joomla.org;F;589 Drewry Parkway
726;Jeno;Lacknor;224961285-4;1999-03-24;jlacknork5@wisc.edu;M;77592 Red Cloud Trail
727;Reube;Knotton;283447397-8;2004-07-19;rknottonk6@addthis.com;M;37 Reinke Court
728;Cori;Perryn;442525125-3;1956-12-10;cperrynk7@statcounter.com;M;8 Merchant Street
729;Reiko;Brocks;312903020-4;1975-06-20;rbrocksk8@sfgate.com;F;28726 Golden Leaf Parkway
730;Sadie;Swinden;148674893-7;1985-08-05;sswindenk9@nih.gov;F;10 Upham Avenue
731;Sebastien;Bodham;361038677-0;1985-09-18;sbodhamka@wordpress.com;M;31012 Monument Point
732;Alyda;Laming;131449777-4;1999-03-30;alamingkb@prweb.com;F;069 Talmadge Point
733;Ryley;Finder;566331461-X;1962-03-11;rfinderkc@ucsd.edu;M;4 Quincy Hill
734;Derwin;Mattimoe;380475442-2;1954-12-30;dmattimoekd@wikia.com;M;24518 Mayfield Hill
735;Fleming;Shovelbottom;585086830-5;1992-06-05;fshovelbottomke@cbc.ca;M;5590 Barby Junction
736;Jed;Andrioletti;231258163-9;1984-08-29;jandriolettikf@ehow.com;M;1 Hauk Street
737;Cymbre;Muzzi;482919879-6;1958-08-17;cmuzzikg@salon.com;F;811 Dunning Parkway
738;Frayda;Bassilashvili;471105278-X;2005-05-02;fbassilashvilikh@so-net.ne.jp;F;521 Arkansas Street
739;Marcela;Roelofs;662676283-4;1980-08-05;mroelofski@indiatimes.com;F;79728 Birchwood Parkway
740;Lindsey;Carthew;295155797-3;2004-01-26;lcarthewkj@com.com;F;6 Colorado Trail
741;Harris;McKellar;599660188-5;1965-11-16;hmckellarkk@auda.org.au;M;0820 Scott Drive
742;Reggie;Pakeman;430052940-X;1965-04-01;rpakemankl@marriott.com;M;24 Cordelia Point
743;Oliviero;Toulson;908919763-X;1996-09-20;otoulsonkm@indiatimes.com;M;90 Mayfield Trail
744;Eamon;Lambart;086005504-3;1968-03-22;elambartkn@free.fr;M;30 Ryan Road
745;Katerine;Weekly;352654689-4;1962-02-11;kweeklyko@ameblo.jp;F;70724 Dennis Center
746;Sada;Limeburn;794106051-5;1960-06-15;slimeburnkp@telegraph.co.uk;F;8033 Debra Park
747;Roanne;Wildes;832460138-4;1958-11-03;rwildeskq@joomla.org;F;5 Milwaukee Alley
748;Ethelin;Keddie;262748812-0;1988-12-31;ekeddiekr@amazon.de;F;32449 Debs Park
749;Staffard;Folshom;092101495-3;1987-03-14;sfolshomks@dmoz.org;M;45889 Fremont Center
750;Alf;Birkenshaw;752426350-3;1971-09-12;abirkenshawkt@joomla.org;M;7779 Johnson Way
751;Kris;Thoresbie;385367951-X;2003-08-02;kthoresbieku@gov.uk;F;074 Northwestern Pass
752;Hebert;Fearney;922458253-2;1984-02-03;hfearneykv@163.com;M;1 Gina Junction
753;Gaultiero;Keming;459194606-1;1954-08-07;gkemingkw@sfgate.com;M;93971 Bashford Road
754;Rusty;Inmett;193906135-0;1979-12-29;rinmettkx@salon.com;M;6501 Raven Pass
755;Wayne;Vawton;649769687-3;1990-07-27;wvawtonky@twitpic.com;M;402 Annamark Plaza
756;Susannah;Andreix;885666468-2;1962-11-03;sandreixkz@elpais.com;F;05929 Maywood Crossing
757;Audy;Amery;872835036-7;1964-07-23;aameryl0@cmu.edu;F;9 Northland Lane
758;Marice;Braine;830839654-2;1958-04-11;mbrainel1@bloglovin.com;F;5608 Fordem Pass
759;Isa;Woliter;961523384-6;1957-10-12;iwoliterl2@goodreads.com;M;18393 Prairie Rose Hill
760;Oswell;Vido;229719359-9;1989-03-12;ovidol3@amazon.com;M;4254 Redwing Parkway
761;Ronna;De Laci;685212813-X;1986-10-09;rdelacil4@jimdo.com;F;1 Spohn Park
762;Cherilyn;McGrirl;129730788-7;1992-11-05;cmcgrirll5@hatena.ne.jp;F;07657 Monterey Court
763;Byrle;Ebenezer;870502213-4;1977-04-25;bebenezerl6@msn.com;M;6 Fairfield Hill
764;Jaime;Joselson;341962762-9;1957-01-31;jjoselsonl7@newsvine.com;M;0790 Brown Court
765;Verine;Mabone;469785511-6;1963-10-16;vmabonel8@squarespace.com;F;72 Blackbird Lane
766;Nickie;Houndesome;913120470-8;1991-02-20;nhoundesomel9@nih.gov;M;743 Burning Wood Park
767;Kain;Ivey;433468533-1;1951-11-02;kiveyla@sun.com;M;34288 Ronald Regan Park
768;Nyssa;Timlett;148612862-9;2004-12-01;ntimlettlb@engadget.com;F;138 Dovetail Trail
769;Carver;Furnell;273452685-9;1959-05-04;cfurnelllc@reverbnation.com;M;063 Buhler Parkway
770;Reinaldo;Webermann;138654176-1;1955-02-14;rwebermannld@google.com;M;5 Almo Park
771;Evangelin;Fewster;564303364-X;1967-09-12;efewsterle@mail.ru;F;80 Di Loreto Drive
772;Lucais;Hans;465551428-0;1980-03-16;lhanslf@fastcompany.com;M;422 Gulseth Lane
773;Lyssa;Polamontayne;440719119-8;1975-04-01;lpolamontaynelg@apple.com;F;096 Forster Street
774;Dall;Lillywhite;278949276-X;1999-10-15;dlillywhitelh@cornell.edu;M;9453 Butternut Center
775;Kaile;Criple;731154000-3;1991-08-11;kcripleli@google.com.br;F;63 Southridge Way
776;Carney;Assante;305722120-3;2002-01-06;cassantelj@ustream.tv;M;9777 Sunbrook Center
777;Early;Fulle;219418939-4;1974-03-15;efullelk@cafepress.com;M;955 High Crossing Park
778;Walker;Iapico;897122493-2;1980-01-07;wiapicoll@boston.com;M;43409 Summerview Crossing
779;Granville;Brisson;436340993-2;2000-10-06;gbrissonlm@hostgator.com;M;32416 Prairie Rose Circle
780;Abelard;Longforth;337848913-8;1987-03-25;alongforthln@parallels.com;M;75 Independence Junction
781;Mead;Greeves;451260431-6;1991-01-31;mgreeveslo@tuttocitta.it;M;284 Killdeer Street
782;Ynes;Madle;269601219-9;1970-08-12;ymadlelp@examiner.com;F;46 Farragut Plaza
783;Sammy;Whistan;560451186-2;1955-10-31;swhistanlq@utexas.edu;M;1973 Center Drive
784;Esra;Ribchester;880200755-1;1972-03-07;eribchesterlr@wunderground.com;M;85589 Armistice Terrace
785;Leland;Preuvost;003478415-2;1992-11-16;lpreuvostls@cyberchimps.com;M;27 Crownhardt Court
786;Whitaker;Middell;606800910-6;1968-04-05;wmiddelllt@oaic.gov.au;M;8058 Nelson Place
787;Cecelia;Jeske;572274506-5;1991-07-23;cjeskelu@umn.edu;F;2105 Lindbergh Terrace
788;Debor;Tavernor;488480782-0;1980-06-28;dtavernorlv@sun.com;F;49851 Cherokee Circle
789;Lenci;Coley;249396949-9;1969-03-21;lcoleylw@goo.ne.jp;M;7 Loftsgordon Trail
790;Johnath;Arnault;779063994-3;1962-07-09;jarnaultlx@prnewswire.com;F;59 Barnett Terrace
791;Sheelagh;Filewood;998151079-3;1977-11-27;sfilewoodly@webs.com;F;88106 Tennyson Hill
792;Mitzi;Withrop;383970410-3;1995-11-18;mwithroplz@1688.com;F;4739 Oriole Park
793;Karil;Petras;569504157-0;1954-06-05;kpetrasm0@nymag.com;F;5038 Reindahl Center
794;Brianna;Hansie;077941995-2;1970-03-26;bhansiem1@gov.uk;F;6 Eastlawn Avenue
795;Conrade;Elston;780197342-9;1979-09-19;celstonm2@parallels.com;M;3 Sycamore Center
796;Kellyann;Gland;746263053-2;1968-04-06;kglandm3@hugedomains.com;F;5 Pond Plaza
797;Nadine;O'Riordan;395743764-4;1956-06-12;noriordanm4@npr.org;F;2 Reinke Circle
798;Elroy;Kuhn;995057626-1;1956-09-02;ekuhnm5@businesswire.com;M;36 Carpenter Avenue
799;Lyn;Medgewick;459169198-5;2005-08-05;lmedgewickm6@canalblog.com;M;9 Spohn Alley
800;Noelle;Vyse;395288399-9;1960-01-18;nvysem7@wix.com;F;642 Arizona Place
801;Felice;Arran;536407088-3;1961-06-02;farranm8@whitehouse.gov;M;3 Judy Circle
802;Marie-ann;Leed;861738884-6;1989-03-21;mleedm9@mail.ru;F;26164 Aberg Road
803;Martainn;Sidle;139500908-2;1964-11-15;msidlema@quantcast.com;M;2 Hoffman Road
804;Gwenette;Sango;273080700-4;1958-09-15;gsangomb@meetup.com;F;6143 Fairview Alley
805;Evangelin;Mallen;924731314-7;1974-07-05;emallenmc@yellowpages.com;F;06777 Homewood Avenue
806;Clarette;Dulwich;610663079-8;2003-06-11;cdulwichmd@miibeian.gov.cn;F;3 Blue Bill Park Way
807;Kristien;Dabes;212937534-0;1998-12-20;kdabesme@zdnet.com;F;6239 Pennsylvania Place
808;Milicent;Rendell;835708693-4;1964-11-21;mrendellmf@rediff.com;F;6 Lotheville Crossing
809;Liv;Bolter;034949534-3;1972-07-21;lboltermg@123-reg.co.uk;F;0393 Fieldstone Drive
810;Meara;Morlon;672058676-9;1959-06-04;mmorlonmh@soup.io;F;8 Mariners Cove Way
811;Selena;Collihole;857642715-X;2003-08-17;scolliholemi@webmd.com;F;3 Mcbride Center
812;Carling;Poleye;589471257-2;2005-05-29;cpoleyemj@behance.net;M;0214 Jana Plaza
813;Billy;Monckton;884469330-5;2003-01-06;bmoncktonmk@seesaa.net;M;89 Buena Vista Place
814;Simona;Denerley;655135819-5;1994-05-08;sdenerleyml@rediff.com;F;5 Maryland Road
815;Claudette;Crosswaite;525972758-4;1982-06-06;ccrosswaitemm@joomla.org;F;65053 Petterle Circle
816;Van;Curness;245235546-1;1964-07-27;vcurnessmn@weibo.com;F;68069 Clarendon Center
817;Morton;Horrod;754171556-5;1950-10-18;mhorrodmo@naver.com;M;560 Kim Avenue
818;Marie-jeanne;Melbourne;749792907-0;1983-08-14;mmelbournemp@nydailynews.com;F;7707 Carpenter Alley
819;Laurianne;Fullylove;146801366-1;1994-04-17;lfullylovemq@icio.us;F;90969 Packers Road
820;Mag;Vaneev;592206161-5;1977-07-11;mvaneevmr@miibeian.gov.cn;F;3 3rd Circle
821;Amos;Fealey;985781308-9;1965-06-20;afealeyms@icq.com;M;8 Lerdahl Plaza
822;Julietta;Maggiori;781012018-2;1951-11-17;jmaggiorimt@unc.edu;F;999 Hudson Parkway
823;Bradney;Bucky;181834914-0;1979-03-17;bbuckymu@ustream.tv;M;31 Merrick Point
824;Lorens;Hinkley;221914821-1;1976-04-01;lhinkleymv@simplemachines.org;M;79 Pankratz Terrace
825;Drucill;Dorran;779434842-0;2004-04-17;ddorranmw@usgs.gov;F;413 Oak Valley Circle
826;Raul;Nichols;354071221-6;1962-01-27;rnicholsmx@yolasite.com;M;767 Waubesa Crossing
827;Sollie;Orpwood;073045347-2;2001-09-23;sorpwoodmy@dedecms.com;M;03540 Lake View Road
828;Anne-corinne;Keeler;554331788-3;1976-02-08;akeelermz@rakuten.co.jp;F;95 Clarendon Junction
829;Devondra;Learoyd;568822452-5;1986-01-05;dlearoydn0@usda.gov;F;1040 Hermina Terrace
830;Kippie;Charteris;177654652-0;1980-03-15;kcharterisn1@creativecommons.org;F;6 Stuart Terrace
831;Darb;Hawgood;483345432-7;1954-11-05;dhawgoodn2@wix.com;F;3840 Bunker Hill Place
832;Omero;March;499082448-2;1964-12-22;omarchn3@ehow.com;M;4 Warner Terrace
833;Danny;Wood;557850104-4;1973-02-13;dwoodn4@hatena.ne.jp;F;39203 Green Ridge Pass
834;Hester;Huffadine;145092133-7;1981-01-01;hhuffadinen5@sphinn.com;F;18081 Jay Street
835;Candice;Lexa;360188944-7;1983-02-18;clexan6@toplist.cz;F;959 Troy Hill
836;Albert;Fleeming;089283352-1;1960-07-10;afleemingn7@drupal.org;M;26802 Elka Lane
837;Camilla;Leads;092490697-9;1976-12-25;cleadsn8@acquirethisname.com;F;1903 Granby Place
838;Drake;Squirrell;545529032-0;1964-07-12;dsquirrelln9@issuu.com;M;8 Bartillon Avenue
839;Evelin;McGunley;381122782-3;2001-07-24;emcgunleyna@hibu.com;M;8023 Grim Avenue
840;Godard;Feehely;202182202-8;1965-08-11;gfeehelynb@google.de;M;41621 Trailsway Plaza
841;Evin;Ong;331626918-5;1964-10-08;eongnc@creativecommons.org;M;6 Service Road
842;Keary;Roelvink;653754551-X;1976-06-04;kroelvinknd@artisteer.com;M;89 Stoughton Plaza
843;Tobe;Pleming;738325724-3;1962-03-03;tplemingne@wunderground.com;M;0863 Cody Alley
844;Rozanna;Wimsett;556070772-4;1970-10-25;rwimsettnf@shutterfly.com;F;6792 Waxwing Parkway
845;Farica;Harrad;929197737-3;1973-02-12;fharradng@icio.us;F;5580 Graedel Junction
846;Wilma;Howard;708884779-5;1992-09-08;whowardnh@lulu.com;F;2 Anderson Junction
847;Laney;Lidgett;875674367-X;2000-03-07;llidgettni@woothemes.com;F;71 Westport Center
848;Wyn;Fawckner;753748963-7;1962-02-01;wfawcknernj@ft.com;M;663 Coolidge Drive
849;Lolly;Fenn;986758411-2;1952-10-05;lfennnk@technorati.com;F;775 Cardinal Court
850;Geraldine;Ferfulle;092609152-2;1955-09-05;gferfullenl@tumblr.com;F;27 Longview Junction
851;Verge;Haggar;439949727-0;1997-06-01;vhaggarnm@usnews.com;M;3505 Bayside Parkway
852;Sarina;Cowp;841976200-8;1980-07-03;scowpnn@eventbrite.com;F;2 Coolidge Lane
853;Berrie;Warlton;619384147-4;1963-11-02;bwarltonno@nature.com;F;498 Monument Pass
854;Adler;Sutherland;603999210-7;1959-12-31;asutherlandnp@sourceforge.net;M;457 Green Way
855;Emmie;Buckenham;237148142-4;2000-10-19;ebuckenhamnq@youku.com;F;9 Hollow Ridge Pass
856;Lianna;Dust;792247971-9;1965-02-24;ldustnr@home.pl;F;175 Killdeer Circle
857;Grazia;Mattingley;185451891-7;1989-04-14;gmattingleyns@discovery.com;F;6 Acker Drive
858;Jamaal;Jirousek;364094560-3;1983-03-28;jjirouseknt@amazonaws.com;M;7383 Spohn Junction
859;Noak;Holehouse;784806256-2;1989-01-20;nholehousenu@unblog.fr;M;6191 Scoville Junction
860;Aleta;Gillion;221335461-8;1980-06-25;agillionnv@cocolog-nifty.com;F;42 Amoth Trail
861;Alayne;Tapper;368490894-0;1950-07-25;atappernw@xinhuanet.com;F;5 Almo Park
862;Johan;Kleinstern;229908418-5;1978-07-17;jkleinsternnx@sakura.ne.jp;M;34 Jackson Alley
863;Cornelle;Stoppe;208391231-4;1990-09-24;cstoppeny@sogou.com;F;36936 Walton Lane
864;Chauncey;Tregido;202609810-7;1986-06-16;ctregidonz@examiner.com;M;1927 Superior Park
865;Mireille;Sitwell;638564905-9;1950-07-18;msitwello0@about.me;F;5 Doe Crossing Pass
866;Sissy;Cowx;496273287-0;1968-09-18;scowxo1@tamu.edu;F;49 Farmco Point
867;Gusti;Moland;132905317-6;1997-07-31;gmolando2@usatoday.com;F;953 Summit Way
868;Hamnet;Corstan;002023126-1;1971-11-22;hcorstano3@apple.com;M;70 Warbler Lane
869;Myriam;Shaw;421140887-9;1955-08-29;mshawo4@storify.com;F;546 Pawling Lane
870;Aubrey;Pendlebury;268262709-9;1973-10-28;apendleburyo5@so-net.ne.jp;F;494 Graedel Point
871;Dorette;Willcott;574052160-2;1994-05-10;dwillcotto6@wunderground.com;F;6 Hintze Lane
872;Mordy;Knoller;984729188-8;1971-03-21;mknollero7@phpbb.com;M;9 Helena Pass
873;Lemmy;Mariyushkin;772793743-6;1960-09-07;lmariyushkino8@japanpost.jp;M;1065 Continental Way
874;Stefa;Barney;082290900-6;1959-04-10;sbarneyo9@state.tx.us;F;33840 Bonner Terrace
875;Karlyn;Threlfall;884922165-7;1974-04-26;kthrelfalloa@comsenz.com;F;83 Reinke Park
876;Miguelita;Matityahu;556829520-4;1969-07-21;mmatityahuob@github.io;F;90824 Ruskin Plaza
877;Kasper;Braine;445817608-0;1976-03-19;kbraineoc@slate.com;M;837 David Crossing
878;Normy;Noble;073830741-6;1995-07-26;nnobleod@redcross.org;M;2935 Portage Lane
879;Van;Hayto;389920164-7;1966-12-08;vhaytooe@sciencedaily.com;M;88669 Glacier Hill Plaza
880;Kelcie;Cockram;809052739-6;1963-11-19;kcockramof@mapy.cz;F;463 Muir Alley
881;Cesare;Ellgood;015053934-7;1980-03-27;cellgoodog@yahoo.co.jp;M;9792 Summit Drive
882;Marie-jeanne;Rapier;128930899-3;1989-11-18;mrapieroh@usda.gov;F;23 Anthes Way
883;Eddi;Fadell;843175470-2;1973-12-06;efadelloi@loc.gov;F;34613 Luster Lane
884;Hilton;Staker;202749218-6;2000-11-02;hstakeroj@netlog.com;M;7 Veith Hill
885;Demetria;Smallshaw;533803499-9;1953-03-12;dsmallshawok@indiatimes.com;F;84508 Morningstar Hill
886;Gil;Kolodziej;856019234-4;1958-08-14;gkolodziejol@vinaora.com;M;81 Reindahl Circle
887;Marna;Willerton;845005611-X;1961-07-22;mwillertonom@tinyurl.com;F;48 Lakewood Plaza
888;Ysabel;Palombi;980603817-7;1987-11-15;ypalombion@yandex.ru;F;6 Helena Place
889;Sada;Jaimez;436740989-9;1988-02-04;sjaimezoo@technorati.com;F;6780 Lakeland Hill
890;Frannie;Tatlow;394900192-1;2004-08-05;ftatlowop@stanford.edu;F;3 Pennsylvania Trail
891;Erasmus;Merioth;979375775-2;2004-07-05;emeriothoq@alibaba.com;M;6211 Tomscot Parkway
892;Abbott;Creer;759767733-2;1966-07-24;acreeror@tuttocitta.it;M;59 Dwight Circle
893;Val;Wray;910044012-4;1984-07-11;vwrayos@tamu.edu;M;0487 Hudson Hill
894;Berti;Realph;704540059-4;1997-10-30;brealphot@dmoz.org;M;11 Mcbride Parkway
895;Roxi;Varrow;549690950-3;1978-09-26;rvarrowou@oaic.gov.au;F;2 Quincy Crossing
896;Sile;Middleton;912517187-9;1979-09-05;smiddletonov@weebly.com;F;7 Marcy Way
897;Lenore;Clausen-Thue;873666634-3;1989-08-07;lclausenthueow@purevolume.com;F;30 Waywood Place
898;Phelia;Treasure;966185535-8;1958-08-01;ptreasureox@github.com;F;579 Harper Lane
899;Gianina;Krystek;619759107-3;1997-04-01;gkrystekoy@tinypic.com;F;1458 Comanche Alley
900;Grantley;Dahlbom;615926357-9;1959-04-01;gdahlbomoz@simplemachines.org;M;8 Melody Parkway
901;Florie;Foard;114475568-9;1968-07-13;ffoardp0@umich.edu;F;82319 Talisman Point
902;Gib;Cone;055536156-X;1979-06-21;gconep1@tmall.com;M;2547 Prentice Pass
903;Sally;Lifton;492578702-0;1985-03-20;sliftonp2@shutterfly.com;F;99 Orin Avenue
904;Roslyn;Gonthier;586171281-6;1950-02-16;rgonthierp3@github.com;F;9961 Forest Run Pass
905;Joellen;Rudinger;167629601-8;2003-02-20;jrudingerp4@lycos.com;F;2011 Sommers Hill
906;Ulrick;Pillinger;814980837-X;1979-07-07;upillingerp5@istockphoto.com;M;16 Golf Point
907;Gale;Forsaith;915615764-9;1954-04-19;gforsaithp6@rakuten.co.jp;M;45 Dakota Plaza
908;Aggie;Nathon;258685380-6;1994-05-04;anathonp7@nps.gov;F;87242 Grayhawk Terrace
909;Sheeree;Lightwing;003012751-3;1957-08-29;slightwingp8@redcross.org;F;7 Quincy Court
910;Ryon;Cockell;989006694-7;2005-11-03;rcockellp9@bbb.org;M;724 Stuart Parkway
911;Mariska;Craufurd;357846953-X;1985-07-29;mcraufurdpa@geocities.com;F;908 South Place
912;Kippar;Leacy;048289890-9;2005-05-15;kleacypb@psu.edu;M;0 Bultman Avenue
913;Sam;Cowie;375976339-1;1963-11-11;scowiepc@ifeng.com;M;4309 Lakewood Hill
914;Quint;Fairhurst;941739316-2;1978-03-21;qfairhurstpd@cyberchimps.com;M;771 Glacier Hill Pass
915;Tudor;Grzesiewicz;968011995-5;1970-01-13;tgrzesiewiczpe@linkedin.com;M;7 Lawn Street
916;Rossie;Frisch;880323235-4;1975-05-06;rfrischpf@paypal.com;M;6 Oneill Place
917;Rafi;Sikorsky;278772459-0;1966-12-06;rsikorskypg@alexa.com;M;03470 Bartillon Hill
918;Ara;Jacobsohn;312874454-8;1979-09-26;ajacobsohnph@chicagotribune.com;F;86 Ludington Plaza
919;Jimmy;Cracker;019041755-2;1971-05-21;jcrackerpi@wikipedia.org;M;2431 Lerdahl Avenue
920;Burnaby;Barracks;915455598-1;1960-12-30;bbarrackspj@mlb.com;M;61016 Ridgeview Center
921;Wynne;Fricke;035194324-2;1985-01-01;wfrickepk@apache.org;F;202 Florence Lane
922;Edee;Rugiero;505230203-7;2004-07-02;erugieropl@vistaprint.com;F;353 Hoepker Road
923;Beatrisa;Danilchev;526301963-7;1950-12-26;bdanilchevpm@posterous.com;F;766 Jay Park
924;Tandie;Boyer;310891961-X;1995-12-10;tboyerpn@myspace.com;F;16 Vernon Circle
925;Hubey;Braidwood;020572795-6;1965-03-15;hbraidwoodpo@shinystat.com;M;8 Susan Way
926;Lucas;Kitcherside;004089819-9;1978-06-23;lkitchersidepp@squidoo.com;M;70271 Northfield Alley
927;Nobie;Hunnywell;897334238-X;1994-03-17;nhunnywellpq@ezinearticles.com;M;86827 Main Avenue
928;Renado;Conquer;465554578-X;1982-10-22;rconquerpr@oaic.gov.au;M;70831 Kipling Parkway
929;Krissie;Manger;034285450-X;1966-10-30;kmangerps@yolasite.com;F;40262 Rusk Hill
930;Tabb;Amos;459083008-6;1995-08-31;tamospt@arstechnica.com;M;81 Erie Way
931;Binny;Djurdjevic;423274659-5;1974-08-30;bdjurdjevicpu@zdnet.com;F;211 Novick Avenue
932;Chrissie;Cargenven;977894474-1;1964-05-21;ccargenvenpv@squidoo.com;F;027 Jay Center
933;Robbyn;Engeham;639675901-2;1982-01-10;rengehampw@google.co.jp;F;1 Jana Circle
934;Cooper;Sieb;686611506-X;1968-10-27;csiebpx@shinystat.com;M;01 Debra Center
935;Garrot;Haspineall;456583393-X;1974-05-03;ghaspineallpy@oakley.com;M;62623 West Pass
936;Lindsay;Hockey;510502497-4;2004-06-16;lhockeypz@walmart.com;M;801 Stuart Circle
937;Melitta;Viner;535816115-5;1993-09-12;mvinerq0@nps.gov;F;19 Utah Avenue
938;Wyatan;Malin;672505822-1;1964-08-01;wmalinq1@geocities.jp;M;6913 Ilene Lane
939;Beale;Mayzes;230996011-X;1996-11-30;bmayzesq2@ameblo.jp;M;5401 Tomscot Park
940;Lusa;Dulson;419122344-5;1954-11-30;ldulsonq3@nih.gov;F;1 Hayes Plaza
941;Kendall;Nazareth;898758569-7;1968-02-17;knazarethq4@fc2.com;M;5019 Londonderry Place
942;Hilliard;O'Cannovane;064392777-8;1994-03-23;hocannovaneq5@slideshare.net;M;451 Farwell Junction
943;Anabal;Hise;609403951-3;1987-03-15;ahiseq6@seesaa.net;F;539 Michigan Plaza
944;Joeann;Devas;956825996-1;1978-06-14;jdevasq7@utexas.edu;F;23946 Granby Street
945;Birk;Battram;982579159-4;1966-07-20;bbattramq8@altervista.org;M;3 New Castle Park
946;Tomi;Frushard;563794701-5;1963-06-02;tfrushardq9@blinklist.com;F;2233 Mallory Way
947;Chico;Brugmann;551337645-8;1957-06-21;cbrugmannqa@blogger.com;M;2133 Maple Plaza
948;Deina;Plimmer;733870810-X;1968-07-22;dplimmerqb@opera.com;F;9 Shopko Court
949;Brinna;Ewebank;751403010-7;1958-11-27;bewebankqc@discovery.com;F;2 Longview Park
950;Miguelita;Grigoriscu;397117738-7;1986-09-06;mgrigoriscuqd@about.com;F;70414 Straubel Plaza
951;Colas;Veysey;145766260-4;2003-11-17;cveyseyqe@cdbaby.com;M;23007 Granby Point
952;Addy;Heaselgrave;666938300-2;1963-08-27;aheaselgraveqf@unesco.org;F;1 Lillian Alley
953;Torie;Stanlack;339502713-9;2004-05-05;tstanlackqg@amazon.co.uk;F;83566 Kinsman Circle
954;Padraic;Munkton;495023253-3;2001-03-18;pmunktonqh@youtube.com;M;52319 Carioca Crossing
955;Spike;McTrusty;354341005-9;1981-11-03;smctrustyqi@usgs.gov;M;40863 Lake View Parkway
956;Lacy;Neely;404464679-1;1994-05-25;lneelyqj@ihg.com;F;820 Fulton Court
957;Reginauld;Pettigree;190060723-9;2001-07-17;rpettigreeqk@desdev.cn;M;9 Miller Drive
958;Gretna;Paradyce;491928236-2;1998-07-05;gparadyceql@biblegateway.com;F;80911 Parkside Junction
959;Griffith;Matson;330478628-7;1953-03-27;gmatsonqm@webnode.com;M;0740 Lyons Place
960;Torrance;Frangione;311913982-3;1986-01-16;tfrangioneqn@cam.ac.uk;M;47161 Clove Circle
961;Fredric;Wabersinke;667485134-5;1977-03-03;fwabersinkeqo@miibeian.gov.cn;M;06892 Vidon Avenue
962;Jorgan;Bemand;137710294-7;1961-05-05;jbemandqp@drupal.org;M;1 Boyd Terrace
963;Juline;Bissatt;214998229-3;1980-08-03;jbissattqq@friendfeed.com;F;6 Marcy Plaza
964;Far;Tzarkov;389469791-1;1998-12-26;ftzarkovqr@house.gov;M;909 Vahlen Circle
965;Teddy;MacKissack;568126557-9;1966-12-14;tmackissackqs@vkontakte.ru;F;21591 Carpenter Street
966;Skelly;Rouf;598332445-4;1997-04-10;sroufqt@exblog.jp;M;8005 Reindahl Way
967;Dunc;Cabrer;875448625-4;1974-09-18;dcabrerqu@slashdot.org;M;70 Fieldstone Park
968;Eddy;MacClenan;270948319-X;1975-07-15;emacclenanqv@drupal.org;M;48628 Carberry Avenue
969;Bil;Abramamov;690813710-4;1966-08-04;babramamovqw@paypal.com;M;12 4th Alley
970;Billie;Eveque;927555320-3;1982-10-17;bevequeqx@dot.gov;F;20597 Northview Plaza
971;Anni;Pask;555196535-X;1984-01-04;apaskqy@bravesites.com;F;6 Nova Terrace
972;Orin;Peyro;693937325-X;1952-06-10;opeyroqz@jugem.jp;M;55 Marcy Parkway
973;Burty;Gallyhaock;868664276-4;1954-05-25;bgallyhaockr0@liveinternet.ru;M;0298 Cherokee Court
974;Yvon;Leads;740201545-9;2005-01-13;yleadsr1@china.com.cn;M;0824 Arapahoe Junction
975;Wallie;Raulin;430573692-6;1977-09-25;wraulinr2@weebly.com;M;99824 Lawn Plaza
976;Levin;Grassot;594268935-0;1990-04-21;lgrassotr3@edublogs.org;M;17 Nevada Drive
977;Benedetta;Claringbold;122122912-5;1957-09-11;bclaringboldr4@bandcamp.com;F;696 Thierer Court
978;Dalli;Belch;340298641-8;1968-01-25;dbelchr5@cpanel.net;M;7211 Village Green Place
979;Aldridge;Kermeen;032912301-7;1992-02-25;akermeenr6@wikipedia.org;M;078 Schmedeman Circle
980;Fulton;Tocqueville;056559101-0;1952-11-24;ftocqueviller7@mit.edu;M;9 Northfield Road
981;Fiorenze;Edlestone;260422153-5;1969-11-19;fedlestoner8@toplist.cz;F;0 Debra Junction
982;Rooney;Berridge;229506794-4;2005-09-05;rberridger9@furl.net;M;2 Dahle Parkway
983;Sofie;Goodbar;687307352-0;1959-06-02;sgoodbarra@example.com;F;1052 Prentice Point
984;Bartlett;Grotty;042041739-7;1965-07-02;bgrottyrb@histats.com;M;8 Summer Ridge Way
985;Willem;Moff;214425566-0;1994-03-02;wmoffrc@google.com.hk;M;30 Manitowish Drive
986;Alick;Twelvetrees;770654656-X;1969-07-18;atwelvetreesrd@cocolog-nifty.com;M;6 Fulton Drive
987;Roderigo;Weir;979452931-1;1951-04-07;rweirre@yahoo.co.jp;M;11 Forest Run Drive
988;Caroljean;Rubinowicz;647084188-0;1968-11-27;crubinowiczrf@vinaora.com;F;41927 Union Court
989;Calv;Purton;201693574-X;1986-04-23;cpurtonrg@amazon.com;M;32122 Fallview Terrace
990;Lurline;Blaisdale;886969179-9;1962-02-19;lblaisdalerh@free.fr;F;1819 Coleman Road
991;Garfield;Deboy;887340644-0;1983-03-30;gdeboyri@tinypic.com;M;818 Pleasure Lane
992;Laryssa;Glayzer;681667702-1;1973-11-04;lglayzerrj@mediafire.com;F;201 Texas Lane
993;Jareb;Milburn;517880682-4;1990-01-07;jmilburnrk@umich.edu;M;55140 Muir Center
994;Skyler;Curtoys;750739607-X;1960-09-12;scurtoysrl@gnu.org;M;66 Bayside Circle
995;Colleen;Ilbert;869665153-7;1987-01-02;cilbertrm@harvard.edu;F;7 Washington Way
996;Alfi;Aldersey;046534245-0;1981-01-12;aalderseyrn@ca.gov;F;49 Derek Way
997;Buddie;Pepis;404454229-5;1964-02-27;bpepisro@booking.com;M;6 Messerschmidt Lane
998;Maxim;Heelis;352791081-6;1962-09-16;mheelisrp@t.co;M;9090 Sunnyside Hill
999;Curtis;De Giorgi;200762692-6;1995-01-23;cdegiorgirq@dell.com;M;5620 Rieder Way
1000;Tyrone;Ilyasov;500168575-3;1966-10-28;tilyasovrr@nydailynews.com;M;188 Marquette Plaza
